author_id;author_name;author_lifetime;author_born;author_died;author_gender;priority;isNationalPoet;v1;author_wkpd_url;author_other_url;src_knihi_url;src_vershyRu_url;src_other_url;author_poemCount;src_knihi_path
1;Іаахім Храптовіч;1729-1812;1729;1812;m;!;;;https://be.wikipedia.org/wiki/%D0%86%D0%B0%D1%85%D1%96%D0%BC_%D0%A5%D1%80%D0%B0%D0%BF%D1%82%D0%BE%D0%B2%D1%96%D1%87 ;;;;;;
2;Міхал Карыцкі;1714-1781;1714;1781;m;!;;TRUE;https://be.wikipedia.org/wiki/%D0%9C%D1%96%D1%85%D0%B0%D0%BB_%D0%9A%D0%B0%D1%80%D1%8B%D1%86%D0%BA%D1%96 ;;;;http://khblit.narod.ru/arhiu/lib/karytski.htm;;
3;Ян Баршчэўскі;1794-1851;1794;1851;m;!!!;;TRUE;https://be.wikipedia.org/wiki/%D0%AF%D0%BD_%D0%91%D0%B0%D1%80%D1%88%D1%87%D1%8D%D1%9E%D1%81%D0%BA%D1%96 ;;https://knihi.com/Jan_Barsceuski/;;;;Jan_Barsceuski
4;Паўлюк Багрым;?-1891;1812;1891;m;!!!;;TRUE;https://be.wikipedia.org/wiki/%D0%9F%D0%B0%D1%9E%D0%BB%D1%8E%D0%BA_%D0%91%D0%B0%D0%B3%D1%80%D1%8B%D0%BC;;https://knihi.com/Pauluk_Bahrym/;http://vershy.ru/category/paulyuk-bagrym;;1;Pauluk_Bahrym
5;Францішак Савіч;1815-1845;1815;1845;m;;;;https://be.wikipedia.org/wiki/%D0%A4%D1%80%D0%B0%D0%BD%D1%86%D1%96%D1%88%D0%B0%D0%BA_%D0%A1%D0%B0%D0%B2%D1%96%D1%87 ;;;;;;
6;Ігнат Легатовіч;1796-1867;1796;1867;m;;;;https://be.wikipedia.org/wiki/%D0%86%D0%B3%D0%BD%D0%B0%D1%82_%D0%A1%D1%8B%D0%BC%D0%BE%D0%BD%D0%B0%D0%B2%D1%96%D1%87_%D0%9B%D0%B5%D0%B3%D0%B0%D1%82%D0%BE%D0%B2%D1%96%D1%87 ;;;;;;
7;Ян Чачот;1796-1847;1796;1847;m;!!!;;TRUE;https://be.wikipedia.org/wiki/%D0%AF%D0%BD_%D0%A7%D0%B0%D1%87%D0%BE%D1%82 ;;https://knihi.com/Jan_Cacot/;;;;Jan_Cacot
8;Адэля з Устроні;?;1800;1899;f;;;;;https://bis.nlb.by/ru/documents/132967;;;;;
9;Вінцэнт Дунін-Марцінкевіч;1808-1884;1808;1884;m;!!!;;TRUE;https://be.wikipedia.org/wiki/%D0%92%D1%96%D0%BD%D1%86%D1%8D%D0%BD%D1%82_%D0%94%D1%83%D0%BD%D1%96%D0%BD-%D0%9C%D0%B0%D1%80%D1%86%D1%96%D0%BD%D0%BA%D0%B5%D0%B2%D1%96%D1%87;;;;http://moykahany.ru/autor/vintsent-dunin-martsinkevich;;
10;Арцём Вярыга-Дарэўскі;1816-1884;1816;1884;m;;;;https://be.wikipedia.org/wiki/%D0%90%D1%80%D1%86%D1%91%D0%BC_%D0%86%D0%B3%D0%BD%D0%B0%D1%86%D1%8C%D0%B5%D0%B2%D1%96%D1%87_%D0%92%D1%8F%D1%80%D1%8B%D0%B3%D0%B0-%D0%94%D0%B0%D1%80%D1%8D%D1%9E%D1%81%D0%BA%D1%96 ;;;;;;
11;Ялегі Пранціш Вуль;1835-?;1835;1894;m;;;;https://be.wikipedia.org/wiki/%D0%AF%D0%BB%D0%B5%D0%B3%D1%96_%D0%9F%D1%80%D0%B0%D0%BD%D1%86%D1%96%D1%88_%D0%92%D1%83%D0%BB%D1%8C ;;;;;;
12;Аляксандр Рыпінскі;1811-1900;1811;1900;m;;;;https://be.wikipedia.org/wiki/%D0%90%D0%BB%D1%8F%D0%BA%D1%81%D0%B0%D0%BD%D0%B4%D1%80_%D0%A4%D0%B5%D0%BB%D1%96%D0%BA%D1%81%D0%B0%D0%B2%D1%96%D1%87_%D0%A0%D1%8B%D0%BF%D1%96%D0%BD%D1%81%D0%BA%D1%96 ;;;;;;
13;Уладзіслаў Сыракомля;1823-1862;1823;1862;m;!!!;;TRUE;https://be.wikipedia.org/wiki/%D0%A3%D0%BB%D0%B0%D0%B4%D0%B7%D1%96%D1%81%D0%BB%D0%B0%D1%9E_%D0%A1%D1%8B%D1%80%D0%B0%D0%BA%D0%BE%D0%BC%D0%BB%D1%8F ;;https://knihi.com/Uladzislau_Syrakomla/;;;;Uladzislau_Syrakomla
14;Вінцэсь Каратынскі;1831-1891;1831;1891;m;;;;https://be.wikipedia.org/wiki/%D0%92%D1%96%D0%BD%D1%86%D1%8D%D1%81%D1%8C_%D0%9A%D0%B0%D1%80%D0%B0%D1%82%D1%8B%D0%BD%D1%81%D0%BA%D1%96 ;;;;;;
15;Кастусь Каліноўскі;1838-1864;1838;1864;m;!;;TRUE;https://be.wikipedia.org/wiki/%D0%9A%D0%B0%D1%81%D1%82%D1%83%D1%81%D1%8C_%D0%9A%D0%B0%D0%BB%D1%96%D0%BD%D0%BE%D1%9E%D1%81%D0%BA%D1%96 ;;https://knihi.com/Kastus_Kalinouski/;;;1;Kastus_Kalinouski
16;Вайніслаў Савіч-Заблоцкі;1850-1893;1850;1893;m;;;;https://be.wikipedia.org/wiki/%D0%92%D0%B0%D0%B9%D0%BD%D1%96%D1%81%D0%BB%D0%B0%D1%9E_%D0%9A%D0%B0%D0%B7%D1%96%D0%BC%D1%96%D1%80_%D0%9A%D0%B0%D0%BD%D1%81%D1%82%D0%B0%D0%BD%D1%86%D1%96%D0%BD%D0%B0%D0%B2%D1%96%D1%87_%D0%9B%D0%B0%D0%B4%D0%B0-%D0%97%D0%B0%D0%B1%D0%BB%D0%BE%D1%86%D0%BA%D1%96 ;;;;;;
17;Аляксандр Ельскі;1834-1916;1834;1916;m;;;;https://be.wikipedia.org/wiki/%D0%90%D0%BB%D1%8F%D0%BA%D1%81%D0%B0%D0%BD%D0%B4%D1%80_%D0%9A%D0%B0%D1%80%D0%BB%D0%B0%D0%B2%D1%96%D1%87_%D0%95%D0%BB%D1%8C%D1%81%D0%BA%D1%96 ;;;;;;
18;Францішак Багушэвіч;1840-1900;1840;1900;m;!!!;;TRUE;https://be.wikipedia.org/wiki/%D0%A4%D1%80%D0%B0%D0%BD%D1%86%D1%96%D1%88%D0%B0%D0%BA_%D0%91%D0%B0%D0%B3%D1%83%D1%88%D1%8D%D0%B2%D1%96%D1%87 ;;https://knihi.com/Francisak_Bahusevic/;http://vershy.ru/category/frantsishak-bagushevi;;;Francisak_Bahusevic
19;Янка Лучына;1851-1897;1851;1897;m;!!!;;TRUE;https://be.wikipedia.org/wiki/%D0%AF%D0%BD%D0%BA%D0%B0_%D0%9B%D1%83%D1%87%D1%8B%D0%BD%D0%B0 ;;https://knihi.com/Janka_Lucyna/;http://vershy.ru/category/kastus-kalinouski;;;Janka_Lucyna
20;Фелікс Тапчэўскі;1838-1892;1838;1892;m;;;;https://be.wikipedia.org/wiki/%D0%A4%D0%B5%D0%BB%D1%96%D0%BA%D1%81_%D0%A4%D0%B5%D0%BB%D1%96%D0%BA%D1%81%D0%B0%D0%B2%D1%96%D1%87_%D0%A2%D0%B0%D0%BF%D1%87%D1%8D%D1%9E%D1%81%D0%BA%D1%96 ;;;;;;
21;Адам Гурыновіч;1869-1894;1869;1894;m;!;;TRUE;https://be.wikipedia.org/wiki/%D0%90%D0%B4%D0%B0%D0%BC_%D0%93%D1%83%D1%80%D1%8B%D0%BD%D0%BE%D0%B2%D1%96%D1%87 ;;https://knihi.com/Adam_Hurynovic/;;;;Adam_Hurynovic
22;Альгерд Абуховіч;1840-1898;1840;1898;m;;;;https://be.wikipedia.org/wiki/%D0%90%D0%BB%D1%8C%D0%B3%D0%B5%D1%80%D0%B4_%D0%90%D0%B1%D1%83%D1%85%D0%BE%D0%B2%D1%96%D1%87 ;;;;;;
23;Лявон Вітан-Дубейкаўскі;1869-1940;1869;1940;m;;;;https://be.wikipedia.org/wiki/%D0%9B%D1%8F%D0%B2%D0%BE%D0%BD_%D0%86%D0%B2%D0%B0%D0%BD%D0%B0%D0%B2%D1%96%D1%87_%D0%94%D1%83%D0%B1%D0%B5%D0%B9%D0%BA%D0%B0%D1%9E%D1%81%D0%BA%D1%96 ;;;;;;
24;Бруно Каратынскі;1873-1948;1873;1948;m;;;;;;;;;;
25;Карусь Каганец;1868-1918;1868;1918;m;!;;TRUE;https://be.wikipedia.org/wiki/%D0%9A%D0%B0%D1%80%D1%83%D1%81%D1%8C_%D0%9A%D0%B0%D0%B3%D0%B0%D0%BD%D0%B5%D1%86 ;;https://knihi.com/Karus_Kahaniec/;;;;Karus_Kahaniec
26;Цётка;1876-1916;1876;1916;f;!!!;;TRUE;https://be.wikipedia.org/wiki/%D0%90%D0%BB%D0%B0%D1%96%D0%B7%D0%B0_%D0%A1%D1%86%D1%8F%D0%BF%D0%B0%D0%BD%D0%B0%D1%9E%D0%BD%D0%B0_%D0%9F%D0%B0%D1%88%D0%BA%D0%B5%D0%B2%D1%96%D1%87 ;;https://knihi.com/Ciotka/;;;;Ciotka
27;Дзядзька Пранук;1882-1940;1882;1940;m;!;;;https://be.wikipedia.org/wiki/%D0%A4%D1%80%D0%B0%D0%BD%D1%86%D1%96%D1%88%D0%B0%D0%BA_%D0%A3%D0%BC%D1%8F%D1%81%D1%82%D0%BE%D1%9E%D1%81%D0%BA%D1%96 ;;;;;;
28;Янка Купала;1882-1942;1882;1942;m;!!!;TRUE;TRUE;https://be.wikipedia.org/wiki/%D0%AF%D0%BD%D0%BA%D0%B0_%D0%9A%D1%83%D0%BF%D0%B0%D0%BB%D0%B0 ;;https://knihi.com/Janka_Kupala/;http://vershy.ru/category/yanka-kupala;;;Janka_Kupala
29;Якуб Колас;1882-1956;1882;1956;m;!!!;TRUE;TRUE;https://be.wikipedia.org/wiki/%D0%AF%D0%BA%D1%83%D0%B1_%D0%9A%D0%BE%D0%BB%D0%B0%D1%81 ;;https://knihi.com/Jakub_Kolas/;http://vershy.ru/category/yakub-kolas;;;Jakub_Kolas
30;Эдзюк Будзька;1882-1958;1882;1958;m;;;;https://be.wikipedia.org/wiki/%D0%AD%D0%B4%D0%B2%D0%B0%D1%80%D0%B4_%D0%90%D0%B4%D0%B0%D0%BC%D0%B0%D0%B2%D1%96%D1%87_%D0%91%D1%83%D0%B4%D0%B7%D1%8C%D0%BA%D0%B0 ;;;;;;
31;Максім Багдановіч;1891-1917;1891;1917;m;!!!;;TRUE;https://be.wikipedia.org/wiki/%D0%9C%D0%B0%D0%BA%D1%81%D1%96%D0%BC_%D0%91%D0%B0%D0%B3%D0%B4%D0%B0%D0%BD%D0%BE%D0%B2%D1%96%D1%87 ;;https://knihi.com/Maksim_Bahdanovic/;http://vershy.ru/category/maks%D1%96m-bagdanov%D1%96ch;;;Maksim_Bahdanovic
32;Алесь Гарун;1887-1920;1887;1920;m;!;;TRUE;https://be.wikipedia.org/wiki/%D0%90%D0%BB%D0%B5%D1%81%D1%8C_%D0%93%D0%B0%D1%80%D1%83%D0%BD ;;https://knihi.com/Ales_Harun/;http://vershy.ru/category/ales-garun;;;Ales_Harun
33;Альберт Паўловіч;1875-1951;1875;1951;m;;;;https://be.wikipedia.org/wiki/%D0%90%D0%BB%D1%8C%D0%B1%D0%B5%D1%80%D1%82_%D0%A4%D1%80%D0%B0%D0%BD%D1%86%D0%B0%D0%B2%D1%96%D1%87_%D0%9F%D0%B0%D1%9E%D0%BB%D0%BE%D0%B2%D1%96%D1%87 ;;;;;;
34;Дзед Доніс;?;?;;m;;;;;;;;;;
35;Гальяш Леўчык;1880-1944;1880;1944;m;;;;https://be.wikipedia.org/wiki/%D0%93%D0%B0%D0%BB%D1%8C%D1%8F%D1%88_%D0%9B%D0%B5%D1%9E%D1%87%D1%8B%D0%BA ;;;;;;
36;Уладзіслаў Галубок;1882-1937;1882;1937;m;!;;TRUE;https://be.wikipedia.org/wiki/%D0%A3%D0%BB%D0%B0%D0%B4%D0%B7%D1%96%D1%81%D0%BB%D0%B0%D1%9E_%D0%93%D0%B0%D0%BB%D1%83%D0%B1%D0%BE%D0%BA ;;https://knihi.com/Uladzislau_Halubok/;;;;Uladzislau_Halubok
37;Вацлаў Ластоўскі;1883-1937;1883;1937;m;!;;;https://be.wikipedia.org/wiki/%D0%92%D0%B0%D1%86%D0%BB%D0%B0%D1%9E_%D0%AE%D1%81%D1%82%D1%8B%D0%BD%D0%B0%D0%B2%D1%96%D1%87_%D0%9B%D0%B0%D1%81%D1%82%D0%BE%D1%9E%D1%81%D0%BA%D1%96 ;;;;;;
38;Юзя Шчупак;1890-1936;1890;1936;m;;;;;;;;;;
39;Цішка Гартны;1887-1937;1887;1937;m;!!!;;TRUE;https://be.wikipedia.org/wiki/%D0%97%D0%BC%D1%96%D1%86%D0%B5%D1%80_%D0%96%D1%8B%D0%BB%D1%83%D0%BD%D0%BE%D0%B2%D1%96%D1%87 ;;https://knihi.com/Ciska_Hartny/;;;;Ciska_Hartny
40;Алесь Гурло;1892-1938;1892;1938;m;;;;https://be.wikipedia.org/wiki/%D0%90%D0%BB%D0%B5%D1%81%D1%8C_%D0%93%D1%83%D1%80%D0%BB%D0%BE ;;;;;;
41;Анатоль Дзяркач;1887-1937;1887;1937;m;;;;https://be.wikipedia.org/wiki/%D0%90%D0%BD%D0%B0%D1%82%D0%BE%D0%BB%D1%8C_%D0%94%D0%B7%D1%8F%D1%80%D0%BA%D0%B0%D1%87  ;;;;;;
42;Андрэй Зязюля;1878-1921;1878;1921;m;;;;https://be.wikipedia.org/wiki/%D0%90%D0%BB%D1%8F%D0%BA%D1%81%D0%B0%D0%BD%D0%B4%D1%80_%D0%A1%D1%86%D1%8F%D0%BF%D0%B0%D0%BD%D0%B0%D0%B2%D1%96%D1%87_%D0%90%D1%81%D1%82%D1%80%D0%B0%D0%BC%D0%BE%D0%B2%D1%96%D1%87 ;;;;;;
43;Янук Д.;1890-1943;1890;1943;m;;;;;;;;;;
44;М. Арол;1890-1918;1890;1918;m;;;;https://be.wikipedia.org/wiki/%D0%9C._%D0%90%D1%80%D0%BE%D0%BB ;;;;;;
45;Янка Журба;1881-1964;1881;1964;m;!;;TRUE;https://be.wikipedia.org/wiki/%D0%AF%D0%BD%D0%BA%D0%B0_%D0%96%D1%83%D1%80%D0%B1%D0%B0 ;;https://knihi.com/Janka_Zurba/;http://vershy.ru/category/yanka-zhurba;;;Janka_Zurba
46;Канстанцыя Буйло;1893-1986;1893;1986;f;!;;TRUE;https://be.wikipedia.org/wiki/%D0%9A%D0%B0%D0%BD%D1%81%D1%82%D0%B0%D0%BD%D1%86%D1%8B%D1%8F_%D0%90%D0%BD%D1%82%D0%BE%D0%BD%D0%B0%D1%9E%D0%BD%D0%B0_%D0%91%D1%83%D0%B9%D0%BB%D0%BE ;;https://knihi.com/Kanstancyja_Bujlo/;http://vershy.ru/category/kanstantsyya-builo;;;Kanstancyja_Bujlo
47;І. Піліпаў;1879-?;1879;?;m;;;;;;;;;;
48;Фабіян Шантыр;1887-1920;1887;1920;m;;;;https://be.wikipedia.org/wiki/%D0%A4%D0%B0%D0%B1%D1%96%D1%8F%D0%BD_%D0%93%D1%96%D0%BB%D1%8F%D1%80%D0%B0%D0%B2%D1%96%D1%87_%D0%A8%D0%B0%D0%BD%D1%82%D1%8B%D1%80 ;;;;;;
49;Змітрок Бядуля;1886-1941;1886;1941;m;!!!;;TRUE;https://be.wikipedia.org/wiki/%D0%97%D0%BC%D1%96%D1%82%D1%80%D0%BE%D0%BA_%D0%91%D1%8F%D0%B4%D1%83%D0%BB%D1%8F ;;;http://vershy.ru/category/zm%D1%96trok-byadulya;;;
50;Хведар Чарнышэвіч;188?-?;1880;?;m;!;;TRUE;https://be.wikipedia.org/wiki/%D0%A5%D0%B2%D0%B5%D0%B4%D0%B0%D1%80_%D0%86%D0%BE%D1%81%D1%96%D1%84%D0%B0%D0%B2%D1%96%D1%87_%D0%A7%D0%B0%D1%80%D0%BD%D1%8B%D1%88%D1%8D%D0%B2%D1%96%D1%87 ;;;;https://be.wikisource.org/wiki/%D0%90%D1%9E%D1%82%D0%B0%D1%80:%D0%A5%D0%B2%D0%B5%D0%B4%D0%B0%D1%80_%D0%A7%D0%B0%D1%80%D0%BD%D1%8B%D1%88%D1%8D%D0%B2%D1%96%D1%87;;
51;Лявон Лобік;1871-1918;1871;1918;m;;;;https://be.wikipedia.org/wiki/%D0%9B%D1%8F%D0%B2%D0%BE%D0%BD_%D0%A1%D1%86%D1%8F%D0%BF%D0%B0%D0%BD%D0%B0%D0%B2%D1%96%D1%87_%D0%9B%D0%BE%D0%B1%D1%96%D0%BA ;;;;;;
52;Альфонс Петрашкевіч;1894-1918;1894;1918;m;;;;;;;;;;
53;Кандрат Лейка;1860-1921;1860;1921;m;;;;https://be.wikipedia.org/wiki/%D0%9A%D0%B0%D0%BD%D0%B4%D1%80%D0%B0%D1%82_%D0%9B%D0%B5%D0%B9%D0%BA%D0%B0 ;;;;;;
54;Зоська Верас;1892-1991;1892;1991;f;!;;TRUE;;;https://knihi.com/Zoska_Vieras/;http://vershy.ru/category/zoska-veras;;;Zoska_Vieras
55;Леапольд Родзевіч;1895-1938;1895;1938;m;;;;https://be.wikipedia.org/wiki/%D0%9B%D0%B5%D0%B0%D0%BF%D0%BE%D0%BB%D1%8C%D0%B4_%D0%86%D0%B2%D0%B0%D0%BD%D0%B0%D0%B2%D1%96%D1%87_%D0%A0%D0%BE%D0%B4%D0%B7%D0%B5%D0%B2%D1%96%D1%87 ;;;;;;
56;Юзюк Фарботка;1893-?;1893;1956;m;;;;https://be.wikipedia.org/wiki/%D0%AE%D0%B7%D1%8E%D0%BA_%D0%A4%D0%B0%D1%80%D0%B1%D0%BE%D1%82%D0%BA%D0%B0 ;https://bis.nlb.by/ru/documents/129556;;;;;
57;Казімір Сваяк;1890-1926;1890;1926;m;;;;https://be.wikipedia.org/wiki/%D0%9A%D0%B0%D0%B7%D1%96%D0%BC%D1%96%D1%80_%D0%A1%D0%B2%D0%B0%D1%8F%D0%BA ;;;;;;
58;Міхась Ганчарык;1899-1986;1899;1986;m;!;;;https://be.wikipedia.org/wiki/%D0%9C%D1%96%D1%85%D0%B0%D1%96%D0%BB_%D0%9C%D1%96%D0%BA%D0%B0%D0%BB%D0%B0%D0%B5%D0%B2%D1%96%D1%87_%D0%93%D0%B0%D0%BD%D1%87%D0%B0%D1%80%D1%8B%D0%BA ;;;;;;
59;Міхайла Грамыка;1885-1969;1885;1969;m;;;;https://be.wikipedia.org/wiki/%D0%9C%D1%96%D1%85%D0%B0%D0%B9%D0%BB%D0%B0_%D0%93%D1%80%D0%B0%D0%BC%D1%8B%D0%BA%D0%B0 ;;;;;;
60;Міхась Чарот;1896-1937;1896;1937;m;!;;TRUE;https://be.wikipedia.org/wiki/%D0%9C%D1%96%D1%85%D0%B0%D1%81%D1%8C_%D0%A7%D0%B0%D1%80%D0%BE%D1%82 ;;https://knihi.com/Michas_Carot/;http://vershy.ru/category/m%D1%96khas-charot;;;Michas_Carot
61;Кандрат Крапіва;1896-1991;1896;1991;m;!!!;;TRUE;https://be.wikipedia.org/wiki/%D0%9A%D0%B0%D0%BD%D0%B4%D1%80%D0%B0%D1%82_%D0%9A%D1%80%D0%B0%D0%BF%D1%96%D0%B2%D0%B0 ;;https://knihi.com/Kandrat_Krapiva/;http://vershy.ru/category/kandrat-krap%D1%96va;;;Kandrat_Krapiva
62;Ігнат Канчэўскі;1896-1923;1896;1923;m;;;;https://be.wikipedia.org/wiki/%D0%86%D0%B3%D0%BD%D0%B0%D1%82_%D0%A3%D0%BB%D0%B0%D0%B4%D0%B7%D1%96%D0%BC%D1%96%D1%80%D0%B0%D0%B2%D1%96%D1%87_%D0%9A%D0%B0%D0%BD%D1%87%D1%8D%D1%9E%D1%81%D0%BA%D1%96 ;;;;;;
63;Макар Краўцоў;1891-1939;1891;1939;m;;;;https://be.wikipedia.org/wiki/%D0%9C%D0%B0%D0%BA%D0%B0%D1%80_%D0%9A%D1%80%D0%B0%D1%9E%D1%86%D0%BE%D1%9E ;;;;;;
64;Алесь Смаленец;1893-1966;1893;1966;m;;;;https://be.wikipedia.org/wiki/%D0%90%D0%BB%D1%8F%D0%BA%D1%81%D0%B0%D0%BD%D0%B4%D1%80_%D0%A0%D1%83%D0%B6%D0%B0%D0%BD%D1%86%D0%BE%D1%9E ;;;;;;
65;Міхась Клімковіч;1899-1954;1899;1954;m;;;;https://be.wikipedia.org/wiki/%D0%9C%D1%96%D1%85%D0%B0%D1%81%D1%8C_%D0%9A%D0%BB%D1%96%D0%BC%D0%BA%D0%BE%D0%B2%D1%96%D1%87 ;;;;;;
66;Аркадзь Моркаўка;1900-1957;1900;1957;m;;;;https://be.wikipedia.org/wiki/%D0%90%D1%80%D0%BA%D0%B0%D0%B4%D0%B7%D1%8C_%D0%90%D0%BD%D0%B4%D1%80%D1%8D%D0%B5%D0%B2%D1%96%D1%87_%D0%9C%D0%BE%D1%80%D0%BA%D0%B0%D1%9E%D0%BA%D0%B0 ;;;;;;
67;Уладзімір Жылка;1900-1933;1900;1933;m;!;;TRUE;https://be.wikipedia.org/wiki/%D0%A3%D0%BB%D0%B0%D0%B4%D0%B7%D1%96%D0%BC%D1%96%D1%80_%D0%90%D0%B4%D0%B0%D0%BC%D0%B0%D0%B2%D1%96%D1%87_%D0%96%D1%8B%D0%BB%D0%BA%D0%B0 ;;https://knihi.com/Uladzimir_Zylka/;http://vershy.ru/category/uladz%D1%96m%D1%96r-zhylka;;;Uladzimir_Zylka
68;Уладзімір Дубоўка;1901-1976;1901;1976;m;!;;TRUE;https://be.wikipedia.org/wiki/%D0%A3%D0%BB%D0%B0%D0%B4%D0%B7%D1%96%D0%BC%D1%96%D1%80_%D0%94%D1%83%D0%B1%D0%BE%D1%9E%D0%BA%D0%B0 ;;https://knihi.com/Uladzimir_Dubouka/;http://vershy.ru/category/uladz%D1%96m%D1%96r-dubo%D1%9Eka;;;Uladzimir_Dubouka
69;Нічыпар Чарнушэвіч;1900-1967;1900;1967;m;;;;https://be.wikipedia.org/wiki/%D0%9D%D1%96%D1%87%D1%8B%D0%BF%D0%B0%D1%80_%D0%A2%D0%BE%D0%B4%D0%B0%D1%80%D0%B0%D0%B2%D1%96%D1%87_%D0%A7%D0%B0%D1%80%D0%BD%D1%83%D1%88%D1%8D%D0%B2%D1%96%D1%87 ;;;;;;
70;Язэп Пушча;1902-1964;1902;1964;m;!;;TRUE;https://be.wikipedia.org/wiki/%D0%AF%D0%B7%D1%8D%D0%BF_%D0%9F%D1%83%D1%88%D1%87%D0%B0 ;;https://knihi.com/Jazep_Pusca/;http://vershy.ru/category/yazep-pushcha;;;Jazep_Pusca
71;Міхась Машара;1902-1976;1902;1976;m;;;;https://be.wikipedia.org/wiki/%D0%9C%D1%96%D1%85%D0%B0%D1%81%D1%8C_%D0%9C%D0%B0%D1%88%D0%B0%D1%80%D0%B0 ;;;;;;
72;Анатоль Вольны;1902-1937;1902;1937;m;;;;https://be.wikipedia.org/wiki/%D0%90%D0%BD%D0%B0%D1%82%D0%BE%D0%BB%D1%8C_%D0%92%D0%BE%D0%BB%D1%8C%D0%BD%D1%8B;;;;;;
73;Тодар Кляшторны;1903-1937;1903;1937;m;;;;https://be.wikipedia.org/wiki/%D0%A2%D0%BE%D0%B4%D0%B0%D1%80_%D0%9A%D0%BB%D1%8F%D1%88%D1%82%D0%BE%D1%80%D0%BD%D1%8B ;;;;;;
74;Наталля Арсеннева;1903-1997;1903;1997;f;!;;TRUE;https://be.wikipedia.org/wiki/%D0%9D%D0%B0%D1%82%D0%B0%D0%BB%D0%BB%D1%8F_%D0%90%D0%BB%D1%8F%D0%BA%D1%81%D0%B5%D0%B5%D1%9E%D0%BD%D0%B0_%D0%90%D1%80%D1%81%D0%B5%D0%BD%D0%BD%D0%B5%D0%B2%D0%B0 ;;https://knihi.com/Natalla_Arsiennieva/;http://vershy.ru/category/natallya-arsenneva;https://belarusy.net/natallya-arsenneva/;;Natalla_Arsiennieva
75;Піліп Пестрак;1903-1978;1903;1978;m;;;;https://be.wikipedia.org/wiki/%D0%9F%D1%96%D0%BB%D1%96%D0%BF_%D0%A1%D1%8F%D0%BC%D1%91%D0%BD%D0%B0%D0%B2%D1%96%D1%87_%D0%9F%D0%B5%D1%81%D1%82%D1%80%D0%B0%D0%BA ;;;;;;
76;Мікола Хведаровіч;1904-1981;1904;1981;m;;;;https://be.wikipedia.org/wiki/%D0%9C%D1%96%D0%BA%D0%BE%D0%BB%D0%B0_%D0%A5%D0%B2%D0%B5%D0%B4%D0%B0%D1%80%D0%BE%D0%B2%D1%96%D1%87 ;;;;;;
77;Паўлюк Трус;1904-1929;1904;1929;m;;;;https://be.wikipedia.org/wiki/%D0%9F%D0%B0%D1%9E%D0%BB%D1%8E%D0%BA_%D0%A2%D1%80%D1%83%D1%81 ;;;;;;
78;Адам Русак;1904-1987;1904;1987;m;!;;TRUE;https://be.wikipedia.org/wiki/%D0%90%D0%B4%D0%B0%D0%BC_%D0%93%D0%B5%D1%80%D0%B0%D1%81%D1%96%D0%BC%D0%B0%D0%B2%D1%96%D1%87_%D0%A0%D1%83%D1%81%D0%B0%D0%BA ;;https://knihi.com/Adam_Rusak/;http://vershy.ru/category/natallya-arsenneva;;;Adam_Rusak
79;Алесь Дудар;1904-1937;1904;1937;m;;;;https://be.wikipedia.org/wiki/%D0%90%D0%BB%D0%B5%D1%81%D1%8C_%D0%94%D1%83%D0%B4%D0%B0%D1%80 ;;;;;;
80;Уладзімір Хадыка;1905-1940;1905;1940;m;;;;https://be.wikipedia.org/wiki/%D0%A3%D0%BB%D0%B0%D0%B4%D0%B7%D1%96%D0%BC%D1%96%D1%80_%D0%9C%D0%B0%D1%80%D1%86%D1%96%D0%BD%D0%B0%D0%B2%D1%96%D1%87_%D0%A5%D0%B0%D0%B4%D1%8B%D0%BA%D0%B0 ;;;;;;
81;Алесь Вечар;1905-1985;1905;1985;m;;;;https://be.wikipedia.org/wiki/%D0%90%D0%BB%D1%8F%D0%BA%D1%81%D0%B0%D0%BD%D0%B4%D1%80_%D0%A1%D1%86%D1%8F%D0%BF%D0%B0%D0%BD%D0%B0%D0%B2%D1%96%D1%87_%D0%92%D0%B5%D1%87%D0%B0%D1%80 ;;;;;;
82;Юрка Гаўрук;1905-1979;1905;1979;m;;;;https://be.wikipedia.org/wiki/%D0%AE%D1%80%D0%BA%D0%B0_%D0%93%D0%B0%D1%9E%D1%80%D1%83%D0%BA ;;;;;;
83;Пятрусь Броўка;1905-1980;1905;1980;m;!!!;TRUE;TRUE;https://be.wikipedia.org/wiki/%D0%9F%D1%8F%D1%82%D1%80%D1%83%D1%81%D1%8C_%D0%91%D1%80%D0%BE%D1%9E%D0%BA%D0%B0 ;;https://knihi.com/Piatrus_Brouka/;http://vershy.ru/category/pyatrus-bro%D1%9Eka;;;Piatrus_Brouka
84;Пятро Глебка;1905-1969;1905;1969;m;!;;TRUE;https://be.wikipedia.org/wiki/%D0%9F%D1%8F%D1%82%D1%80%D0%BE_%D0%93%D0%BB%D0%B5%D0%B1%D0%BA%D0%B0 ;;https://knihi.com/Piatro_Hlebka/;http://vershy.ru/category/pyatro-glebka;;;Piatro_Hlebka
85;Янка Бобрык;1905-1942;1905;1942;m;;;;https://be.wikipedia.org/wiki/%D0%AF%D0%BD%D0%BA%D0%B0_%D0%91%D0%BE%D0%B1%D1%80%D1%8B%D0%BA ;;;;;;
86;Віктар Казлоўскі;;;;m;;;;;;;;;;
87;Янка Туміловіч;1905-1938;1905;1938;m;;;;https://be.wikipedia.org/wiki/%D0%AF%D0%BD%D0%BA%D0%B0_%D0%A2%D1%83%D0%BC%D1%96%D0%BB%D0%BE%D0%B2%D1%96%D1%87 ;;;;;;
88;Міхась Васілёк;1905-1960;1905;1960;m;;;;https://be.wikipedia.org/wiki/%D0%9C%D1%96%D1%85%D0%B0%D1%81%D1%8C_%D0%92%D0%B0%D1%81%D1%96%D0%BB%D1%91%D0%BA ;;;;;;
89;Ізраіль Плаўнік;;;;m;;;;;;;;;;
90;Андрэй Александровіч;1906-1963;1906;1963;m;;;;https://be.wikipedia.org/wiki/%D0%90%D0%BD%D0%B4%D1%80%D1%8D%D0%B9_%D0%86%D0%B2%D0%B0%D0%BD%D0%B0%D0%B2%D1%96%D1%87_%D0%90%D0%BB%D0%B5%D0%BA%D1%81%D0%B0%D0%BD%D0%B4%D1%80%D0%BE%D0%B2%D1%96%D1%87 ;;;;;;
91;Сяргей Фамін;1906-1941;1906;1941;m;;;;https://be.wikipedia.org/wiki/%D0%A1%D1%8F%D1%80%D0%B3%D0%B5%D0%B9_%D0%A3%D0%BB%D0%B0%D0%B4%D0%B7%D1%96%D0%BC%D1%96%D1%80%D0%B0%D0%B2%D1%96%D1%87_%D0%A4%D0%B0%D0%BC%D1%96%D0%BD ;;;;;;
92;Сяргей Новік-Пяюн;1906-1994;1906;1994;m;;;;https://be.wikipedia.org/wiki/%D0%A1%D1%8F%D1%80%D0%B3%D0%B5%D0%B9_%D0%9D%D0%BE%D0%B2%D1%96%D0%BA-%D0%9F%D1%8F%D1%8E%D0%BD ;;;;;;
93;Алесь Салагуб;1906-1934;1906;1934;m;;;;https://be.wikipedia.org/wiki/%D0%90%D0%BB%D0%B5%D1%81%D1%8C_%D0%A1%D0%B0%D0%BB%D0%B0%D0%B3%D1%83%D0%B1 ;;;;;;
94;Алесь Звонак;1907-1996;1907;1996;m;!;;TRUE;https://be.wikipedia.org/wiki/%D0%90%D0%BB%D0%B5%D1%81%D1%8C_%D0%97%D0%B2%D0%BE%D0%BD%D0%B0%D0%BA ;;https://knihi.com/Ales_Zvonak/;http://vershy.ru/category/ales-zvonak;;;Ales_Zvonak
95;Сяргей Дзяргай;1907-1980;1907;1980;m;!;;TRUE;https://be.wikipedia.org/wiki/%D0%A1%D1%8F%D1%80%D0%B3%D0%B5%D0%B9_%D0%A1%D1%86%D1%8F%D0%BF%D0%B0%D0%BD%D0%B0%D0%B2%D1%96%D1%87_%D0%94%D0%B7%D1%8F%D1%80%D0%B3%D0%B0%D0%B9 ;;https://knihi.com/Siarhiej_Dziarhaj/;http://vershy.ru/category/syargei-dzyargai;;;Siarhiej_Dziarhaj
96;Раман Сабаленка;1907-1975;1907;1975;m;;;;https://be.wikipedia.org/wiki/%D0%A0%D0%B0%D0%BC%D0%B0%D0%BD_%D0%9A%D0%B0%D1%80%D0%BF%D0%B0%D0%B2%D1%96%D1%87_%D0%A1%D0%B0%D0%B1%D0%B0%D0%BB%D0%B5%D0%BD%D0%BA%D0%B0 ;;;;;;
97;Станіслаў Шушкевіч;1908-1991;1908;1991;m;;;;https://be.wikipedia.org/wiki/%D0%A1%D1%82%D0%B0%D0%BD%D1%96%D1%81%D0%BB%D0%B0%D1%9E_%D0%9F%D1%8F%D1%82%D1%80%D0%BE%D0%B2%D1%96%D1%87_%D0%A8%D1%83%D1%88%D0%BA%D0%B5%D0%B2%D1%96%D1%87 ;;;;;;
98;Яўгенія Пфляўмбаўм;1908-1996;1908;1996;f;;;;https://be.wikipedia.org/wiki/%D0%AF%D1%9E%D0%B3%D0%B5%D0%BD%D1%96%D1%8F_%D0%AD%D1%80%D0%B3%D0%B0%D1%80%D0%B4%D0%B0%D1%9E%D0%BD%D0%B0_%D0%9F%D1%84%D0%BB%D1%8F%D1%9E%D0%BC%D0%B1%D0%B0%D1%9E%D0%BC ;;;;;;
99;Алесь Мілюць;1908-1944;1908;1944;m;;;;https://be.wikipedia.org/wiki/%D0%90%D0%BB%D0%B5%D1%81%D1%8C_%D0%9C%D1%96%D0%BB%D1%8E%D1%86%D1%8C ;;;;;;
100;Міхась Багун;1908-1938;1908;1938;m;;;;https://be.wikipedia.org/wiki/%D0%9C%D1%96%D1%85%D0%B0%D1%81%D1%8C_%D0%91%D0%B0%D0%B3%D1%83%D0%BD ;;;;;;
101;Мікола Зосім;;;;m;;;;;;;;;;
102;Пятрусь Граніт;1909-1980;1909;1980;m;;;;https://be.wikipedia.org/wiki/%D0%9F%D1%8F%D1%82%D1%80%D1%83%D1%81%D1%8C_%D0%93%D1%80%D0%B0%D0%BD%D1%96%D1%82 ;;;;;;
103;Сяргей Дарожны;1909-1943;1909;1943;m;;;;https://be.wikipedia.org/wiki/%D0%A1%D1%8F%D1%80%D0%B3%D0%B5%D0%B9_%D0%9C%D1%96%D1%85%D0%B0%D0%B9%D0%BB%D0%B0%D0%B2%D1%96%D1%87_%D0%94%D0%B0%D1%80%D0%BE%D0%B6%D0%BD%D1%8B ;;;;;;
104;Зінаіда Бандарына;1909-1959;1909;1959;f;;;;https://be.wikipedia.org/wiki/%D0%97%D1%96%D0%BD%D0%B0%D1%96%D0%B4%D0%B0_%D0%90%D0%BB%D1%8F%D0%BA%D1%81%D0%B0%D0%BD%D0%B4%D1%80%D0%B0%D1%9E%D0%BD%D0%B0_%D0%91%D0%B0%D0%BD%D0%B4%D0%B0%D1%80%D1%8B%D0%BD%D0%B0 ;;;;;;
105;Максім Лужанін;1909-2001;1909;2001;m;!;;TRUE;https://be.wikipedia.org/wiki/%D0%9C%D0%B0%D0%BA%D1%81%D1%96%D0%BC_%D0%9B%D1%83%D0%B6%D0%B0%D0%BD%D1%96%D0%BD ;;https://knihi.com/Maksim_Luzanin/;http://vershy.ru/category/maks%D1%96m-luzhan%D1%96n;;;Maksim_Luzanin
106;Сяргей Ракіта;1909-1942;1909;1942;m;;;;https://be.wikipedia.org/wiki/%D0%A1%D1%8F%D1%80%D0%B3%D0%B5%D0%B9_%D0%A0%D0%B0%D0%BA%D1%96%D1%82%D0%B0 ;;;;;;
107;Павел Сушко;1909-1974;1909;1974;m;;;;https://be.wikipedia.org/wiki/%D0%9F%D0%B0%D0%B2%D0%B5%D0%BB_%D0%9C%D1%96%D1%85%D0%B0%D0%B9%D0%BB%D0%B0%D0%B2%D1%96%D1%87_%D0%A1%D1%83%D1%88%D0%BA%D0%BE;;;;;;
108;Сяргей Крывец;1909-1945;1909;1945;m;;;;https://be.wikipedia.org/wiki/%D0%A1%D1%8F%D1%80%D0%B3%D0%B5%D0%B9_%D0%9C%D1%96%D1%85%D0%B0%D0%B9%D0%BB%D0%B0%D0%B2%D1%96%D1%87_%D0%9A%D1%80%D1%8B%D0%B2%D0%B5%D1%86 ;;;;;;
109;Алесь Пруднікаў;1910-1941;1910;1941;m;;;;https://be.wikipedia.org/wiki/%D0%90%D0%BB%D0%B5%D1%81%D1%8C_%D0%9F%D1%80%D1%83%D0%B4%D0%BD%D1%96%D0%BA%D0%B0%D1%9E ;;;;;;
110;Зяма Півавараў;1910-1937;1910;1937;m;;;;https://be.wikipedia.org/wiki/%D0%97%D1%8F%D0%BC%D0%B0_%D0%A0%D0%B0%D0%BC%D0%B0%D0%BD%D0%B0%D0%B2%D1%96%D1%87_%D0%9F%D1%96%D0%B2%D0%B0%D0%B2%D0%B0%D1%80%D0%B0%D1%9E ;;;;;;
111;Змітро Віталін;1912-2004;1912;2004;m;;;;https://be.wikipedia.org/wiki/%D0%97%D0%BC%D1%96%D1%82%D1%80%D0%BE_%D0%92%D1%96%D1%82%D0%B0%D0%BB%D1%96%D0%BD ;;;;;;
112;Ларыса Геніюш;1910-1983;1910;1983;f;!;;TRUE;https://be.wikipedia.org/wiki/%D0%9B%D0%B0%D1%80%D1%8B%D1%81%D0%B0_%D0%90%D0%BD%D1%82%D0%BE%D0%BD%D0%B0%D1%9E%D0%BD%D0%B0_%D0%93%D0%B5%D0%BD%D1%96%D1%8E%D1%88 ;;https://knihi.com/Larysa_Hienijus/;http://vershy.ru/category/larysa-gen%D1%96yush;;;Larysa_Hienijus
113;Алесь Жаўрук;1910-1942;1910;1942;m;;;;https://be.wikipedia.org/wiki/%D0%90%D0%BB%D0%B5%D1%81%D1%8C_%D0%96%D0%B0%D1%9E%D1%80%D1%83%D0%BA ;;;;;;
114;Уладзімір Корбан;1910-1971;1910;1971;m;;;;https://be.wikipedia.org/wiki/%D0%A3%D0%BB%D0%B0%D0%B4%D0%B7%D1%96%D0%BC%D1%96%D1%80_%D0%86%D0%B2%D0%B0%D0%BD%D0%B0%D0%B2%D1%96%D1%87_%D0%9A%D0%BE%D1%80%D0%B1%D0%B0%D0%BD ;;;;;;
115;Змітрок Астапенка;1910-1944;1910;1944;m;;;;https://be.wikipedia.org/wiki/%D0%97%D0%BC%D1%96%D1%82%D1%80%D0%BE%D0%BA_%D0%90%D1%81%D1%82%D0%B0%D0%BF%D0%B5%D0%BD%D0%BA%D0%B0 ;;;;;;
116;Алесь Дубровіч;1910-1942;1910;1942;m;;;;https://be.wikipedia.org/wiki/%D0%90%D0%BB%D0%B5%D1%81%D1%8C_%D0%94%D1%83%D0%B1%D1%80%D0%BE%D0%B2%D1%96%D1%87 ;;;;;;
117;Аляксей Зарыцкі;1911-1978;1911;1978;m;!;;TRUE;https://be.wikipedia.org/wiki/%D0%90%D0%BB%D1%8F%D0%BA%D1%81%D0%B5%D0%B9_%D0%97%D0%B0%D1%80%D1%8B%D1%86%D0%BA%D1%96 ;;;http://www.vershy.ru/category/alyaksei-zarytsk%D1%96;;;
118;Сцяпан Ліхадзіеўскі;1911-1979;1911;1979;m;;;;https://be.wikipedia.org/wiki/%D0%A1%D1%86%D1%8F%D0%BF%D0%B0%D0%BD_%D0%86%D0%B2%D0%B0%D0%BD%D0%B0%D0%B2%D1%96%D1%87_%D0%9B%D1%96%D1%85%D0%B0%D0%B4%D0%B7%D1%96%D0%B5%D1%9E%D1%81%D0%BA%D1%96 ;;;;;;
119;Васіль Вітка;1911-1996;1911;1996;m;!;;TRUE;https://be.wikipedia.org/wiki/%D0%92%D0%B0%D1%81%D1%96%D0%BB%D1%8C_%D0%92%D1%96%D1%82%D0%BA%D0%B0 ;;https://knihi.com/Vasil_Vitka/;http://vershy.ru/category/vas%D1%96l-v%D1%96tka;;;Vasil_Vitka
120;Павел Пруднікаў;1911-2000;1911;2000;m;;;;https://be.wikipedia.org/wiki/%D0%9F%D0%B0%D0%B2%D0%B5%D0%BB_%D0%86%D0%B2%D0%B0%D0%BD%D0%B0%D0%B2%D1%96%D1%87_%D0%9F%D1%80%D1%83%D0%B4%D0%BD%D1%96%D0%BA%D0%B0%D1%9E ;;;;;;
121;Анатоль Астрэйка;1911-1978;1911;1978;m;;;;https://be.wikipedia.org/wiki/%D0%90%D0%BD%D0%B0%D1%82%D0%BE%D0%BB%D1%8C_%D0%90%D1%81%D1%82%D1%80%D1%8D%D0%B9%D0%BA%D0%B0 ;;;;;;
122;Юлій Таўбін;1911-1937;1911;1937;m;;;;https://be.wikipedia.org/wiki/%D0%AE%D0%BB%D1%96%D0%B9_%D0%A2%D0%B0%D1%9E%D0%B1%D1%96%D0%BD ;;;;;;
123;Клім Грыневіч;1912-1941;1912;1941;m;;;;https://be.wikipedia.org/wiki/%D0%9A%D0%BB%D1%96%D0%BC_%D0%9B%D0%B0%D0%B7%D0%B0%D1%80%D0%B0%D0%B2%D1%96%D1%87_%D0%93%D1%80%D1%8B%D0%BD%D0%B5%D0%B2%D1%96%D1%87 ;;;;;;
124;Анатоль Іверс;1912-1999;1912;1999;m;;;;https://be.wikipedia.org/wiki/%D0%90%D0%BD%D0%B0%D1%82%D0%BE%D0%BB%D1%8C_%D0%86%D0%B2%D0%B5%D1%80%D1%81 ;;;;;;
125;Максім Танк;1912-1995;1912;1995;m;!!!;TRUE;TRUE;https://be.wikipedia.org/wiki/%D0%9C%D0%B0%D0%BA%D1%81%D1%96%D0%BC_%D0%A2%D0%B0%D0%BD%D0%BA ;;https://knihi.com/Maksim_Tank/;http://vershy.ru/category/maksim-tank;;;Maksim_Tank
126;Аляксей Русецкі;1912-2000;1912;2000;m;!;;TRUE;https://be.wikipedia.org/wiki/%D0%90%D0%BB%D1%8F%D0%BA%D1%81%D0%B5%D0%B9_%D0%A1%D1%86%D1%8F%D0%BF%D0%B0%D0%BD%D0%B0%D0%B2%D1%96%D1%87_%D0%A0%D1%83%D1%81%D0%B5%D1%86%D0%BA%D1%96 ;;https://knihi.com/Alaksiej_Rusiecki/;http://vershy.ru/category/alyaksei-rusetsk%D1%96;;;Alaksiej_Rusiecki
127;Андрэй Ушакоў;1912-1941;1912;1941;m;;;;https://be.wikipedia.org/wiki/%D0%90%D0%BD%D0%B4%D1%80%D1%8D%D0%B9_%D0%A4%D1%91%D0%B4%D0%B0%D1%80%D0%B0%D0%B2%D1%96%D1%87_%D0%A3%D1%88%D0%B0%D0%BA%D0%BE%D1%9E ;;;;;;
128;Сяргей Грахоўскі;1913-2002;1913;2002;m;!;;TRUE;https://be.wikipedia.org/wiki/%D0%A1%D1%8F%D1%80%D0%B3%D0%B5%D0%B9_%D0%86%D0%B2%D0%B0%D0%BD%D0%B0%D0%B2%D1%96%D1%87_%D0%93%D1%80%D0%B0%D1%85%D0%BE%D1%9E%D1%81%D0%BA%D1%96 ;;https://knihi.com/Siarhiej_Hrachouski/;http://vershy.ru/category/syargei-grakho%D1%9Esk%D1%96;;;Siarhiej_Hrachouski
129;Эдзі Агняцвет;1913-2000;1913;2000;f;!;;TRUE;https://be.wikipedia.org/wiki/%D0%AD%D0%B4%D0%B7%D1%96_%D0%90%D0%B3%D0%BD%D1%8F%D1%86%D0%B2%D0%B5%D1%82 ;;https://knihi.com/Edzi_Ahniacviet/;http://vershy.ru/category/edz%D1%96-agnyatsvet;;;Edzi_Ahniacviet
130;Сяргей Астрэйка;1913-1937;1913;1937;m;;;;https://be.wikipedia.org/wiki/%D0%A1%D1%8F%D1%80%D0%B3%D0%B5%D0%B9_%D0%90%D0%B4%D0%B0%D0%BC%D0%B0%D0%B2%D1%96%D1%87_%D0%90%D1%81%D1%82%D1%80%D1%8D%D0%B9%D0%BA%D0%B0 ;;;;;;
131;Аркадзь Куляшоў;1914-1978;1914;1978;m;!!!;TRUE;TRUE;https://be.wikipedia.org/wiki/%D0%90%D1%80%D0%BA%D0%B0%D0%B4%D0%B7%D1%8C_%D0%9A%D1%83%D0%BB%D1%8F%D1%88%D0%BE%D1%9E ;;https://knihi.com/Arkadz_Kulasou/;http://vershy.ru/category/arkadz-kulyasho%D1%9E;;;Arkadz_Kulasou
132;Валянцін Таўлай;1914-1947;1914;1947;m;;;;https://be.wikipedia.org/wiki/%D0%92%D0%B0%D0%BB%D1%8F%D0%BD%D1%86%D1%96%D0%BD_%D0%9F%D0%B0%D1%9E%D0%BB%D0%B0%D0%B2%D1%96%D1%87_%D0%A2%D0%B0%D1%9E%D0%BB%D0%B0%D0%B9 ;;;;;;
133;Уладзімір Клішэвіч;1914-1978;1914;1978;m;;;;https://be.wikipedia.org/wiki/%D0%A3%D0%BB%D0%B0%D0%B4%D0%B7%D1%96%D0%BC%D1%96%D1%80_%D0%A1%D1%96%D0%B4%D0%B0%D1%80%D0%B0%D0%B2%D1%96%D1%87_%D0%9A%D0%BB%D1%96%D1%88%D1%8D%D0%B2%D1%96%D1%87 ;;;;;;
134;Антон Бялевіч;1914-1978;1914;1978;m;;;;https://be.wikipedia.org/wiki/%D0%90%D0%BD%D1%82%D0%BE%D0%BD_%D0%9F%D1%8F%D1%82%D1%80%D0%BE%D0%B2%D1%96%D1%87_%D0%91%D1%8F%D0%BB%D0%B5%D0%B2%D1%96%D1%87 ;;;;;;
135;Рыгор Няхай;1914-1991;1914;1991;m;;;;https://be.wikipedia.org/wiki/%D0%A0%D1%8B%D0%B3%D0%BE%D1%80_%D0%92%D0%BE%D1%81%D1%96%D0%BF%D0%B0%D0%B2%D1%96%D1%87_%D0%9D%D1%8F%D1%85%D0%B0%D0%B9 ;;;;;;
136;Рыгор Жалязняк;1914-1942;1914;1942;m;;;;https://be.wikipedia.org/wiki/%D0%A0%D1%8B%D0%B3%D0%BE%D1%80_%D0%A1%D0%B0%D0%BC%D1%83%D1%96%D0%BB%D0%B0%D0%B2%D1%96%D1%87_%D0%96%D0%B0%D0%BB%D1%8F%D0%B7%D0%BD%D1%8F%D0%BA ;;;;;;
137;Мікола Сямашка;1914-1941;1914;1941;m;!;;;https://be.wikipedia.org/wiki/%D0%9C%D1%96%D0%BA%D0%BE%D0%BB%D0%B0_%D0%A1%D1%8F%D0%BC%D0%B0%D1%88%D0%BA%D0%B0 ;;;;;;
138;Васіль Матэвушаў;1915-1974;1915;1974;m;;;;https://be.wikipedia.org/wiki/%D0%92%D0%B0%D1%81%D1%96%D0%BB%D1%8C_%D0%86%D0%B2%D0%B0%D0%BD%D0%B0%D0%B2%D1%96%D1%87_%D0%9C%D0%B0%D1%82%D1%8D%D0%B2%D1%83%D1%88%D0%B0%D1%9E ;;;;;;
139;Ніна Тарас;1916-2006;1916;2006;f;;;;https://be.wikipedia.org/wiki/%D0%9D%D1%96%D0%BD%D0%B0_%D0%9C%D1%96%D1%85%D0%B0%D0%B9%D0%BB%D0%B0%D1%9E%D0%BD%D0%B0_%D0%A2%D0%B0%D1%80%D0%B0%D1%81 ;;;;;;
140;Масей Сяднеў;1913-2001;1913;2001;m;;;;https://be.wikipedia.org/wiki/%D0%9C%D0%B0%D0%B9%D1%81%D0%B5%D0%B9_%D0%A1%D1%8F%D0%B4%D0%BD%D1%91%D1%9E ;;;;;;
141;Міхась Калачынскі;1917-1990;1917;1990;m;!;;TRUE;https://be.wikipedia.org/wiki/%D0%9C%D1%96%D1%85%D0%B0%D1%81%D1%8C_%D0%9A%D0%B0%D0%BB%D0%B0%D1%87%D1%8B%D0%BD%D1%81%D0%BA%D1%96 ;;https://knihi.com/Michas_Kalacynski/;http://vershy.ru/category/mikhas-kalachynski;;;Michas_Kalacynski
142;Янка Непачаловіч;1917-1969;1917;1969;m;;;;https://be-tarask.wikipedia.org/wiki/%D0%AF%D0%BD%D0%BA%D0%B0_%D0%9D%D0%B5%D0%BF%D0%B0%D1%87%D0%B0%D0%BB%D0%BE%D0%B2%D1%96%D1%87 ;;;;;;
143;Пімен Панчанка ;1917-1995;1917;1995;m;!!!;TRUE;TRUE;https://be.wikipedia.org/wiki/%D0%9F%D1%96%D0%BC%D0%B5%D0%BD_%D0%9F%D0%B0%D0%BD%D1%87%D0%B0%D0%BD%D0%BA%D0%B0 ;;https://knihi.com/Pimien_Pancanka/;http://vershy.ru/category/pimen-panchanka;;;Pimien_Pancanka
144;Уладзімір Рагуцкі;1917-1941;1917;1941;m;;;;https://be.wikipedia.org/wiki/%D0%A3%D0%BB%D0%B0%D0%B4%D0%B7%D1%96%D0%BC%D1%96%D1%80_%D0%9B%D0%B0%D1%9E%D1%80%D1%8D%D0%BD%D0%B0%D0%B2%D1%96%D1%87_%D0%A0%D0%B0%D0%B3%D1%83%D1%86%D0%BA%D1%96 ;;;;;;
145;Мікола Сурначоў;1917-1945;1917;1945;m;;;;https://be.wikipedia.org/wiki/%D0%9C%D1%96%D0%BA%D0%BE%D0%BB%D0%B0_%D0%A1%D1%83%D1%80%D0%BD%D0%B0%D1%87%D0%BE%D1%9E ;;;;;;
146;Леанід Гаўрылаў;1918-1941;1918;1941;m;;;;https://be.wikipedia.org/wiki/%D0%9B%D0%B5%D0%B0%D0%BD%D1%96%D0%B4_%D0%A0%D1%8B%D0%B3%D0%BE%D1%80%D0%B0%D0%B2%D1%96%D1%87_%D0%93%D0%B0%D1%9E%D1%80%D1%8B%D0%BB%D0%B0%D1%9E ;;;;;;
147;Алесь Бачыла;1918-1983;1918;1983;m;!!!;;TRUE;https://be.wikipedia.org/wiki/%D0%90%D0%BB%D0%B5%D1%81%D1%8C_%D0%91%D0%B0%D1%87%D1%8B%D0%BB%D0%B0 ;;https://knihi.com/Ales_Bacyla/;http://vershy.ru/category/ales-bachyla;;;Ales_Bacyla
148;Эдуард Валасевіч;1918-;1918;;m;;;;https://be.wikipedia.org/wiki/%D0%AD%D0%B4%D1%83%D0%B0%D1%80%D0%B4_%D0%A1%D1%82%D0%B0%D0%BD%D1%96%D1%81%D0%BB%D0%B0%D0%B2%D0%B0%D0%B2%D1%96%D1%87_%D0%92%D0%B0%D0%BB%D0%B0%D1%81%D0%B5%D0%B2%D1%96%D1%87 ;;;;;;
149;Паўлюк Прануза;1918-2007;1918;2007;m;;;;https://be.wikipedia.org/wiki/%D0%9F%D0%B0%D1%9E%D0%BB%D1%8E%D0%BA_%D0%9F%D1%80%D0%B0%D0%BD%D1%83%D0%B7%D0%B0 ;;;;;;
150;Міхась Панкрат;1918-2001;1918;2001;m;;;;https://be.wikipedia.org/wiki/%D0%9C%D1%96%D1%85%D0%B0%D1%81%D1%8C_%D0%9F%D1%8F%D0%BD%D0%BA%D1%80%D0%B0%D1%82 ;;;;;;
151;Алесь Бажко;1918-2013;1918;2013;m;;;;https://be.wikipedia.org/wiki/%D0%90%D0%BB%D0%B5%D1%81%D1%8C_%D0%91%D0%B0%D0%B6%D0%BA%D0%BE ;;;;;;
152;Уладзімір Шахавец;1918-1991;1918;1991;m;;;;https://be.wikipedia.org/wiki/%D0%A3%D0%BB%D0%B0%D0%B4%D0%B7%D1%96%D0%BC%D1%96%D1%80_%D0%9C%D1%96%D1%85%D0%B0%D0%B9%D0%BB%D0%B0%D0%B2%D1%96%D1%87_%D0%A8%D0%B0%D1%85%D0%B0%D0%B2%D0%B5%D1%86 ;;;;;;
153;Кастусь Кірэенка;1918-1988;1918;1988;m;;;;https://be.wikipedia.org/wiki/%D0%9A%D0%B0%D1%81%D1%82%D1%83%D1%81%D1%8C_%D0%9A%D1%96%D1%80%D1%8D%D0%B5%D0%BD%D0%BA%D0%B0 ;;;;;;
154;Аркадзь Гейнэ;1919-1942;1919;1942;m;;;;https://be.wikipedia.org/wiki/%D0%90%D1%80%D0%BA%D0%B0%D0%B4%D0%B7%D1%8C_%D0%90%D0%BD%D0%B4%D1%80%D1%8D%D0%B5%D0%B2%D1%96%D1%87_%D0%93%D0%B5%D0%B9%D0%BD%D1%8D ;;;;;;
155;Авар'ян Дзеружынскі;1919-2002;1919;2002;m;;;;https://be.wikipedia.org/wiki/%D0%90%D0%B2%D0%B0%D1%80%E2%80%99%D1%8F%D0%BD_%D0%A1%D0%B0%D1%84%D0%BE%D0%BD%D0%B0%D0%B2%D1%96%D1%87_%D0%94%D0%B7%D0%B5%D1%80%D1%83%D0%B6%D1%8B%D0%BD%D1%81%D0%BA%D1%96 ;;;;;;
156;Мікола Аўрамчык;1920-2017;1920;2017;m;;;;https://be.wikipedia.org/wiki/%D0%9C%D1%96%D0%BA%D0%BE%D0%BB%D0%B0_%D0%AF%D0%BA%D0%B0%D1%9E%D0%BB%D0%B5%D0%B2%D1%96%D1%87_%D0%90%D1%9E%D1%80%D0%B0%D0%BC%D1%87%D1%8B%D0%BA ;;;;;;
157;Аляксей Коршак;1920-1945;1920;1945;m;;;;https://be.wikipedia.org/wiki/%D0%90%D0%BB%D1%8F%D0%BA%D1%81%D0%B5%D0%B9_%D0%86%D0%B3%D0%BD%D0%B0%D1%82%D0%B0%D0%B2%D1%96%D1%87_%D0%9A%D0%BE%D1%80%D1%88%D0%B0%D0%BA ;;;;;;
158;Пятро Прыходзька;1920-2006;1920;2006;m;;;;https://be.wikipedia.org/wiki/%D0%9F%D1%8F%D1%82%D1%80%D0%BE_%D0%9F%D1%80%D1%8B%D1%85%D0%BE%D0%B4%D0%B7%D1%8C%D0%BA%D0%B0 ;;;;;;
159;Аркадзь Марціновіч;1920-2009;1920;2009;m;;;;https://be.wikipedia.org/wiki/%D0%90%D1%80%D0%BA%D0%B0%D0%B4%D0%B7%D1%8C_%D0%9D%D1%96%D1%87%D1%8B%D0%BF%D0%B0%D1%80%D0%B0%D0%B2%D1%96%D1%87_%D0%9C%D0%B0%D1%80%D1%86%D1%96%D0%BD%D0%BE%D0%B2%D1%96%D1%87 ;;;;;;
160;Аляксей Пысін;1920-1981;1920;1981;m;!;;TRUE;https://be.wikipedia.org/wiki/%D0%90%D0%BB%D1%8F%D0%BA%D1%81%D0%B5%D0%B9_%D0%92%D0%B0%D1%81%D1%96%D0%BB%D0%B5%D0%B2%D1%96%D1%87_%D0%9F%D1%8B%D1%81%D1%96%D0%BD ;;https://knihi.com/Alaksiej_Pysin/;http://vershy.ru/category/alyaksei-pys%D1%96n;;;Alaksiej_Pysin
161;Алесь Астапенка;1920-1970;1920;1970;m;;;;https://be.wikipedia.org/wiki/%D0%90%D0%BB%D0%B5%D1%81%D1%8C_%D0%90%D1%81%D1%82%D0%B0%D0%BF%D0%B5%D0%BD%D0%BA%D0%B0 ;;;;;;
162;Іван Муравейка;1921-;1921;;m;;;;https://be.wikipedia.org/wiki/%D0%86%D0%B2%D0%B0%D0%BD_%D0%90%D0%BD%D0%B4%D1%80%D1%8D%D0%B5%D0%B2%D1%96%D1%87_%D0%9C%D1%83%D1%80%D0%B0%D0%B2%D0%B5%D0%B9%D0%BA%D0%B0 ;;;;;;
163;Мікола Гамолка;1922-1992;1922;1992;m;;;;https://be.wikipedia.org/wiki/%D0%9C%D1%96%D0%BA%D0%BE%D0%BB%D0%B0_%D0%93%D0%B0%D0%BC%D0%BE%D0%BB%D0%BA%D0%B0 ;;;;;;
164;Алесь Салавей;1922-1978;1922;1978;m;;;;https://be.wikipedia.org/wiki/%D0%90%D0%BB%D0%B5%D1%81%D1%8C_%D0%A1%D0%B0%D0%BB%D0%B0%D0%B2%D0%B5%D0%B9 ;;;;;;
165;Анатоль Вялюгін;1923-1994;1923;1994;m;!;;TRUE;https://be.wikipedia.org/wiki/%D0%90%D0%BD%D0%B0%D1%82%D0%BE%D0%BB%D1%8C_%D0%A1%D1%86%D1%8F%D0%BF%D0%B0%D0%BD%D0%B0%D0%B2%D1%96%D1%87_%D0%92%D1%8F%D0%BB%D1%8E%D0%B3%D1%96%D0%BD ;;https://knihi.com/Anatol_Vialuhin/;http://vershy.ru/category/anatol-vyalyugin;;;Anatol_Vialuhin
166;Віктар Швед;1925-2020;1925;2020;m;;;;https://be.wikipedia.org/wiki/%D0%92%D1%96%D0%BA%D1%82%D0%B0%D1%80_%D0%9C%D1%96%D0%BA%D1%96%D1%82%D0%B0%D0%B2%D1%96%D1%87_%D0%A8%D0%B2%D0%B5%D0%B4 ;;;;;;
167;Марк Смагаровіч;1927-;1927;;m;;;;https://be.wikipedia.org/wiki/%D0%9C%D0%B0%D1%80%D0%BA_%D0%A1%D1%82%D0%B0%D0%BD%D1%96%D1%81%D0%BB%D0%B0%D0%B2%D0%B0%D0%B2%D1%96%D1%87_%D0%A1%D0%BC%D0%B0%D0%B3%D0%B0%D1%80%D0%BE%D0%B2%D1%96%D1%87 ;;;;;;
168;Хведар Жычка;1927-2007;1927;2007;m;;;;https://be.wikipedia.org/wiki/%D0%A5%D0%B2%D0%B5%D0%B4%D0%B0%D1%80_%D0%96%D1%8B%D1%87%D0%BA%D0%B0 ;;;;;;
169;Уладзімір Ляпёшкін;1928-1994;1928;1994;m;;;;https://be.wikipedia.org/wiki/%D0%A3%D0%BB%D0%B0%D0%B4%D0%B7%D1%96%D0%BC%D1%96%D1%80_%D0%86%D0%B3%D0%BD%D0%B0%D1%82%D0%B0%D0%B2%D1%96%D1%87_%D0%9B%D1%8F%D0%BF%D1%91%D1%88%D0%BA%D1%96%D0%BD ;;;;;;
170;Еўдакія Лось;1929-1977;1929;1977;f;!;;TRUE;https://be.wikipedia.org/wiki/%D0%95%D1%9E%D0%B4%D0%B0%D0%BA%D1%96%D1%8F_%D0%AF%D0%BA%D0%B0%D1%9E%D0%BB%D0%B5%D1%9E%D0%BD%D0%B0_%D0%9B%D0%BE%D1%81%D1%8C ;;https://knihi.com/Jeudakija_Los/;http://vershy.ru/category/eudakiya-los;;;Jeudakija_Los
171;Уладзіслаў Нядзведскі;1929-1973;1929;1973;m;;;;https://be.wikipedia.org/wiki/%D0%A3%D0%BB%D0%B0%D0%B4%D0%B7%D1%96%D1%81%D0%BB%D0%B0%D1%9E_%D0%86%D0%BE%D1%81%D1%96%D1%84%D0%B0%D0%B2%D1%96%D1%87_%D0%9D%D1%8F%D0%B4%D0%B7%D0%B2%D0%B5%D0%B4%D1%81%D0%BA%D1%96 ;;;;;;
172;Алесь Ставер;1929-1995;1929;1995;m;;;;https://be.wikipedia.org/wiki/%D0%90%D0%BB%D0%B5%D1%81%D1%8C_%D0%A1%D1%82%D0%B0%D0%B2%D0%B5%D1%80 ;;;;;;
173;Валянцін Тарас;1930-2009;1930;2009;m;;;;https://be.wikipedia.org/wiki/%D0%92%D0%B0%D0%BB%D1%8F%D0%BD%D1%86%D1%96%D0%BD_%D0%AF%D1%84%D1%96%D0%BC%D0%B0%D0%B2%D1%96%D1%87_%D0%A2%D0%B0%D1%80%D0%B0%D1%81 ;;;;;;
174;Алесь Барскі;1930-;1930;;m;;;;https://be.wikipedia.org/wiki/%D0%90%D0%BB%D1%8F%D0%BA%D1%81%D0%B0%D0%BD%D0%B4%D1%80_%D0%91%D0%B0%D1%80%D1%88%D1%87%D1%8D%D1%9E%D1%81%D0%BA%D1%96 ;;;;;;
175;Уладзімір Караткевіч;1930-1984;1930;1984;m;!!!;;TRUE;https://be.wikipedia.org/wiki/%D0%A3%D0%BB%D0%B0%D0%B4%D0%B7%D1%96%D0%BC%D1%96%D1%80_%D0%9A%D0%B0%D1%80%D0%B0%D1%82%D0%BA%D0%B5%D0%B2%D1%96%D1%87 ;;https://knihi.com/Uladzimir_Karatkievic/;http://vershy.ru/category/uladz%D1%96m%D1%96r-karatkev%D1%96ch;;;Uladzimir_Karatkievic
176;Мікола Арочка;1930-1913;1930;1913;m;!;;TRUE;https://be.wikipedia.org/wiki/%D0%9C%D1%96%D0%BA%D0%B0%D0%BB%D0%B0%D0%B9_%D0%9C%D1%96%D0%BA%D0%B0%D0%BB%D0%B0%D0%B5%D0%B2%D1%96%D1%87_%D0%90%D1%80%D0%BE%D1%87%D0%BA%D0%B0 ;;https://knihi.com/Mikola_Arocka/;;;;Mikola_Arocka
177;Алег Лойка;1931-2008;1931;2008;m;!;;TRUE;https://be.wikipedia.org/wiki/%D0%90%D0%BB%D0%B5%D0%B3_%D0%90%D0%BD%D1%82%D0%BE%D0%BD%D0%B0%D0%B2%D1%96%D1%87_%D0%9B%D0%BE%D0%B9%D0%BA%D0%B0 ;;https://knihi.com/Aleh_Lojka/;http://vershy.ru/category/aleg-loika;;;Aleh_Lojka
178;Сцяпан Гаўрусеў;1931-1988;1931;1988;m;;;;https://be.wikipedia.org/wiki/%D0%A1%D1%86%D1%8F%D0%BF%D0%B0%D0%BD_%D0%97%D0%B0%D1%85%D0%B0%D1%80%D0%B0%D0%B2%D1%96%D1%87_%D0%93%D0%B0%D1%9E%D1%80%D1%83%D1%81%D1%91%D1%9E ;;;;;;
179;Мікола Янчанка;1931-2000;1931;2000;m;;;;https://be.wikipedia.org/wiki/%D0%9C%D1%96%D0%BA%D0%BE%D0%BB%D0%B0_%D0%AF%D0%BD%D1%87%D0%B0%D0%BD%D0%BA%D0%B0 ;;;;;;
180;Ніл Гілевіч;1931-2016;1931;2016;m;!!!;TRUE;TRUE;https://be.wikipedia.org/wiki/%D0%9D%D1%96%D0%BB_%D0%93%D1%96%D0%BB%D0%B5%D0%B2%D1%96%D1%87 ;;https://knihi.com/Nil_Hilevic/;http://vershy.ru/category/n%D1%96l-g%D1%96lev%D1%96ch;;;Nil_Hilevic
181;Анатоль Вярцінскі;1931-;1931;;m;!;;TRUE;https://be.wikipedia.org/wiki/%D0%90%D0%BD%D0%B0%D1%82%D0%BE%D0%BB%D1%8C_%D0%86%D0%BB%D1%8C%D1%96%D1%87_%D0%92%D1%8F%D1%80%D1%86%D1%96%D0%BD%D1%81%D0%BA%D1%96 ;;https://knihi.com/Anatol_Viarcinski/;http://vershy.ru/category/anatol-vyarts%D1%96nsk%D1%96;;;Anatol_Viarcinski
182;Генадзь Кляўко;1932-1979;1932;1979;m;!;;TRUE;https://be.wikipedia.org/wiki/%D0%93%D0%B5%D0%BD%D0%B0%D0%B4%D0%B7%D1%8C_%D0%AF%D0%BA%D0%B0%D1%9E%D0%BB%D0%B5%D0%B2%D1%96%D1%87_%D0%9A%D0%BB%D1%8F%D1%9E%D0%BA%D0%BE ;;https://knihi.com/Hienadz_Klauko/;http://vershy.ru/category/genadz-klyauko;;;Hienadz_Klauko
183;Леанід Яўменаў;1932-2019;1932;2019;m;;;;https://be.wikipedia.org/wiki/%D0%9B%D0%B5%D0%B0%D0%BD%D1%96%D0%B4_%D0%A4%D1%91%D0%B4%D0%B0%D1%80%D0%B0%D0%B2%D1%96%D1%87_%D0%AF%D1%9E%D0%BC%D0%B5%D0%BD%D0%B0%D1%9E ;;;;;;
184;Пятрусь Макаль;1932-1996;1932;1996;m;!;;TRUE;https://be.wikipedia.org/wiki/%D0%9F%D1%8F%D1%82%D1%80%D1%83%D1%81%D1%8C_%D0%9C%D0%B0%D0%BA%D0%B0%D0%BB%D1%8C ;;https://knihi.com/Piatrus_Makal/;http://vershy.ru/category/pyatrus-makal;;;Piatrus_Makal
185;Іван Калеснік;1932-1979;1932;1979;m;;;;https://be.wikipedia.org/wiki/%D0%86%D0%B2%D0%B0%D0%BD_%D0%86%D0%B2%D0%B0%D0%BD%D0%B0%D0%B2%D1%96%D1%87_%D0%9A%D0%B0%D0%BB%D0%B5%D1%81%D0%BD%D1%96%D0%BA ;;;;;;
186;Віктар Шымук;1933-1998;1933;1998;m;;;;https://be.wikipedia.org/wiki/%D0%92%D1%96%D0%BA%D1%82%D0%B0%D1%80_%D0%9C%D1%96%D0%BA%D0%B0%D0%BB%D0%B0%D0%B5%D0%B2%D1%96%D1%87_%D0%A8%D1%8B%D0%BC%D1%83%D0%BA ;;;;;;
187;Юрась Свірка;1933-2010;1933;2010;m;!;;TRUE;https://be.wikipedia.org/wiki/%D0%AE%D1%80%D0%B0%D1%81%D1%8C_%D0%A1%D0%B2%D1%96%D1%80%D0%BA%D0%B0 ;;https://knihi.com/Juras_Svirka/;http://vershy.ru/category/yuras-svirka;;;Juras_Svirka
188;Віктар Хаўратовіч;1934-1991;1934;1991;m;;;;https://be.wikipedia.org/wiki/%D0%92%D1%96%D0%BA%D1%82%D0%B0%D1%80_%D0%9A%D0%B0%D0%BD%D0%B4%D1%80%D0%B0%D1%82%D0%B0%D0%B2%D1%96%D1%87_%D0%A5%D0%B0%D1%9E%D1%80%D0%B0%D1%82%D0%BE%D0%B2%D1%96%D1%87 ;;;;;;
189;Віктар Ракаў;1935-2000;1935;2000;m;;;;https://be.wikipedia.org/wiki/%D0%92%D1%96%D0%BA%D1%82%D0%B0%D1%80_%D0%90%D1%84%D0%B0%D0%BD%D0%B0%D1%81%D1%8C%D0%B5%D0%B2%D1%96%D1%87_%D0%A0%D0%B0%D0%BA%D0%B0%D1%9E ;;;;;;
190;Мікола Кусянкоў;1935-;1935;;m;;;;https://be.wikipedia.org/wiki/%D0%9C%D1%96%D0%BA%D0%BE%D0%BB%D0%B0_%D0%9A%D1%83%D1%81%D1%8F%D0%BD%D0%BA%D0%BE%D1%9E ;;;;;;
191;Рыгор Барадулін;1935-1914;1935;1914;m;!!!;TRUE;TRUE;https://be.wikipedia.org/wiki/%D0%A0%D1%8B%D0%B3%D0%BE%D1%80_%D0%86%D0%B2%D0%B0%D0%BD%D0%B0%D0%B2%D1%96%D1%87_%D0%91%D0%B0%D1%80%D0%B0%D0%B4%D1%83%D0%BB%D1%96%D0%BD ;;https://knihi.com/Ryhor_Baradulin/;http://vershy.ru/category/rygor-baradul%D1%96n;;;Ryhor_Baradulin
192;Уладзімір Лапковіч;;;;m;;;;;;;;;;
193;Васіль Зуёнак;1935-;1935;;m;!;;TRUE;https://be.wikipedia.org/wiki/%D0%92%D0%B0%D1%81%D1%96%D0%BB%D1%8C_%D0%92%D0%B0%D1%81%D1%96%D0%BB%D0%B5%D0%B2%D1%96%D1%87_%D0%97%D1%83%D1%91%D0%BD%D0%B0%D0%BA ;;https://knihi.com/Vasil_Zujonak/;http://vershy.ru/category/ales-zvonak;;;Vasil_Zujonak
194;Іван Летка;1935-1999;1935;1999;m;;;;https://be.wikipedia.org/wiki/%D0%86%D0%B2%D0%B0%D0%BD_%D0%90%D0%BD%D1%82%D0%BE%D0%BD%D0%B0%D0%B2%D1%96%D1%87_%D0%9B%D0%B5%D1%82%D0%BA%D0%B0 ;;;;;;
195;Уладзімір Паўлаў;1935-;1935;;m;;;;;;;;;;
196;Янка Сіпакоў;1936-2011;1936;2011;m;!!!;;TRUE;https://be.wikipedia.org/wiki/%D0%AF%D0%BD%D0%BA%D0%B0_%D0%A1%D1%96%D0%BF%D0%B0%D0%BA%D0%BE%D1%9E ;;https://knihi.com/Janka_Sipakou/;http://vershy.ru/category/yanka-sipakou;;;Janka_Sipakou
197;Раман Гармола;;;;m;;;;;;;;;;
198;Міхась Рудкоўскі;1936-1991;1936;1991;m;;;;https://be.wikipedia.org/wiki/%D0%9C%D1%96%D1%85%D0%B0%D1%96%D0%BB_%D0%9C%D1%96%D1%85%D0%B0%D0%B9%D0%BB%D0%B0%D0%B2%D1%96%D1%87_%D0%A0%D1%83%D0%B4%D0%BA%D0%BE%D1%9E%D1%81%D0%BA%D1%96 ;;;;;;
199;Яўген Міклашэўскі;1936-;1936;;m;;;;https://be.wikipedia.org/wiki/%D0%AF%D1%9E%D0%B3%D0%B5%D0%BD_%D0%9C%D1%96%D0%BA%D0%BB%D0%B0%D1%88%D1%8D%D1%9E%D1%81%D0%BA%D1%96 ;;;;;;
200;Яўген Крупенька;1936-1990;1936;1990;m;;;;https://be.wikipedia.org/wiki/%D0%AF%D1%9E%D0%B3%D0%B5%D0%BD_%D0%9C%D1%96%D1%85%D0%B0%D0%B9%D0%BB%D0%B0%D0%B2%D1%96%D1%87_%D0%9A%D1%80%D1%83%D0%BF%D0%B5%D0%BD%D1%8C%D0%BA%D0%B0 ;;;;;;
201;Генадзь Бураўкін;1936-2014;1936;2014;m;;;;https://be.wikipedia.org/wiki/%D0%93%D0%B5%D0%BD%D0%B0%D0%B4%D0%B7%D1%8C_%D0%9C%D1%96%D0%BA%D0%B0%D0%BB%D0%B0%D0%B5%D0%B2%D1%96%D1%87_%D0%91%D1%83%D1%80%D0%B0%D1%9E%D0%BA%D1%96%D0%BD ;;;;;;
202;Яўген Шабан;1936-1982;1936;1982;m;;;;https://be.wikipedia.org/wiki/%D0%AF%D1%9E%D0%B3%D0%B5%D0%BD_%D0%9F%D1%8F%D1%82%D1%80%D0%BE%D0%B2%D1%96%D1%87_%D0%A8%D0%B0%D0%B1%D0%B0%D0%BD ;;;;;;
203;Пятро Сушко;1937-1996;1937;1996;m;;;;https://be.wikipedia.org/wiki/%D0%9F%D1%8F%D1%82%D1%80%D0%BE_%D0%9F%D0%B0%D1%9E%D0%BB%D0%B0%D0%B2%D1%96%D1%87_%D0%A1%D1%83%D1%88%D0%BA%D0%BE ;;;;;;
204;Алесь Наўроцкі;1937-2012;1937;2012;m;;;;https://be.wikipedia.org/wiki/%D0%90%D0%BB%D0%B5%D1%81%D1%8C_%D0%9D%D0%B0%D1%9E%D1%80%D0%BE%D1%86%D0%BA%D1%96 ;;;;;;
205;Міхась Стральцоў;1937-1987;1937;1987;m;!!!;;TRUE;https://be.wikipedia.org/wiki/%D0%9C%D1%96%D1%85%D0%B0%D1%81%D1%8C_%D0%A1%D1%82%D1%80%D0%B0%D0%BB%D1%8C%D1%86%D0%BE%D1%9E ;;https://knihi.com/Michas_Stralcou/;http://vershy.ru/category/mikhas-straltsou;;;Michas_Stralcou
206;Сымон Блатун;1937-1970;1937;1970;m;;;;;;;;;;
207;Мікола Купрэеў;1937-2004;1937;2004;m;;;;https://be.wikipedia.org/wiki/%D0%9C%D1%96%D0%BA%D0%BE%D0%BB%D0%B0_%D0%9A%D1%83%D0%BF%D1%80%D1%8D%D0%B5%D1%9E ;;;;;;
208;Барыс Беляжэнка;1937-;1937;;m;;;;https://be.wikipedia.org/wiki/%D0%91%D0%B0%D1%80%D1%8B%D1%81_%D0%9F%D0%B0%D1%9E%D0%BB%D0%B0%D0%B2%D1%96%D1%87_%D0%91%D0%B5%D0%BB%D1%8F%D0%B6%D1%8D%D0%BD%D0%BA%D0%B0 ;;;;;;
209;Уладзімір Верамейчык;1937-1999;1937;1999;m;;;;https://be.wikipedia.org/wiki/%D0%A3%D0%BB%D0%B0%D0%B4%D0%B7%D1%96%D0%BC%D1%96%D1%80_%D0%9C%D1%96%D1%85%D0%B0%D0%B9%D0%BB%D0%B0%D0%B2%D1%96%D1%87_%D0%92%D0%B5%D1%80%D0%B0%D0%BC%D0%B5%D0%B9%D1%87%D1%8B%D0%BA ;;;;;;
210;Данута Бічэль-Загнётава;1937-;1937;;f;!!!;;TRUE;https://be.wikipedia.org/wiki/%D0%94%D0%B0%D0%BD%D1%83%D1%82%D0%B0_%D0%86%D0%B2%D0%B0%D0%BD%D0%B0%D1%9E%D0%BD%D0%B0_%D0%91%D1%96%D1%87%D1%8D%D0%BB%D1%8C-%D0%97%D0%B0%D0%B3%D0%BD%D0%B5%D1%82%D0%B0%D0%B2%D0%B0 ;;https://knihi.com/Danuta_Bicel-Zahnietava/;http://vershy.ru/category/danuta-bichel-zagnetava;;;Danuta_Bicel-Zahnietava
211;Нэлі Тулупава;1938-2001;1938;2001;f;!;;TRUE;https://be.wikipedia.org/wiki/%D0%9D%D1%8D%D0%BB%D1%96_%D0%A2%D1%83%D0%BB%D1%83%D0%BF%D0%B0%D0%B2%D0%B0 ;;https://knihi.com/Neli_Tulupava/;;;;Neli_Tulupava
212;Іосіф Скурко;1938-1989;1938;1989;m;;;;;;;;;;
213;Уладзімір Карызна;1938-;1938;;m;;;;https://be.wikipedia.org/wiki/%D0%A3%D0%BB%D0%B0%D0%B4%D0%B7%D1%96%D0%BC%D1%96%D1%80_%D0%86%D0%B2%D0%B0%D0%BD%D0%B0%D0%B2%D1%96%D1%87_%D0%9A%D0%B0%D1%80%D1%8B%D0%B7%D0%BD%D0%B0 ;;;;;;
214;Анатоль Грачанікаў;1938-1991;1938;1991;m;!;;TRUE;https://be.wikipedia.org/wiki/%D0%90%D0%BD%D0%B0%D1%82%D0%BE%D0%BB%D1%8C_%D0%A1%D1%8F%D0%BC%D1%91%D0%BD%D0%B0%D0%B2%D1%96%D1%87_%D0%93%D1%80%D0%B0%D1%87%D0%B0%D0%BD%D1%96%D0%BA%D0%B0%D1%9E ;;https://knihi.com/Anatol_Hracanikau/;http://vershy.ru/category/anatol-grachanikau;;;Anatol_Hracanikau
215;Уладзімір Скарынкін;1939-;1939;;m;;;;https://be.wikipedia.org/wiki/%D0%A3%D0%BB%D0%B0%D0%B4%D0%B7%D1%96%D0%BC%D1%96%D1%80_%D0%9C%D0%B0%D0%BA%D1%81%D1%96%D0%BC%D0%B0%D0%B2%D1%96%D1%87_%D0%A1%D0%BA%D0%B0%D1%80%D1%8B%D0%BD%D0%BA%D1%96%D0%BD ;;;;;;
216;Хведар Чэрня;1939-1983;1939;1983;m;;;;https://be.wikipedia.org/wiki/%D0%A5%D0%B2%D0%B5%D0%B4%D0%B0%D1%80_%D0%A7%D1%8D%D1%80%D0%BD%D1%8F ;;;;;;
217;Васіль Макарэвіч;1939-2017;1939;2017;m;;;;https://be.wikipedia.org/wiki/%D0%92%D0%B0%D1%81%D1%96%D0%BB%D1%8C_%D0%A1%D1%86%D1%8F%D0%BF%D0%B0%D0%BD%D0%B0%D0%B2%D1%96%D1%87_%D0%9C%D0%B0%D0%BA%D0%B0%D1%80%D1%8D%D0%B2%D1%96%D1%87 ;;;;;;
218;Анатоль Канапелька;1939-2002;1939;2002;m;;;;https://be.wikipedia.org/wiki/%D0%90%D0%BD%D0%B0%D1%82%D0%BE%D0%BB%D1%8C_%D0%9C%D1%96%D0%BA%D0%B0%D0%BB%D0%B0%D0%B5%D0%B2%D1%96%D1%87_%D0%9A%D0%B0%D0%BD%D0%B0%D0%BF%D0%B5%D0%BB%D1%8C%D0%BA%D0%B0 ;;;;;;
219;Зніч;1939-;1939;;m;;;;https://be.wikipedia.org/wiki/%D0%90%D0%BB%D0%B5%D0%B3_%D0%90%D0%BD%D0%B4%D1%80%D1%8D%D0%B5%D0%B2%D1%96%D1%87_%D0%91%D0%B5%D0%BC%D0%B1%D0%B5%D0%BB%D1%8C ;;;;;;
220;Леанід Дайнека;1940-2019;1940;2019;m;;;;https://be.wikipedia.org/wiki/%D0%9B%D0%B5%D0%B0%D0%BD%D1%96%D0%B4_%D0%9C%D0%B0%D1%80%D1%86%D1%96%D0%BD%D0%B0%D0%B2%D1%96%D1%87_%D0%94%D0%B0%D0%B9%D0%BD%D0%B5%D0%BA%D0%B0 ;;;;;;
221;Ян Чыквін;1940-;1940;;m;;;;https://be.wikipedia.org/wiki/%D0%AF%D0%BD_%D0%A7%D1%8B%D0%BA%D0%B2%D1%96%D0%BD ;;;;;;
222;Ніна Загорская;1940-;1940;;f;;;;https://be.wikipedia.org/wiki/%D0%9D%D1%96%D0%BD%D0%B0_%D0%A1%D1%8B%D0%BC%D0%BE%D0%BD%D0%B0%D1%9E%D0%BD%D0%B0_%D0%97%D0%B0%D0%B3%D0%BE%D1%80%D1%81%D0%BA%D0%B0%D1%8F ;;;;;;
223;Васіль Жуковіч;1939-;1939;;m;;;;https://be.wikipedia.org/wiki/%D0%92%D0%B0%D1%81%D1%96%D0%BB%D1%8C_%D0%90%D0%BB%D1%8F%D0%BA%D1%81%D0%B5%D0%B5%D0%B2%D1%96%D1%87_%D0%96%D1%83%D0%BA%D0%BE%D0%B2%D1%96%D1%87 ;;;;;;
224;Вячаслаў Дашкевіч;1941-;1941;;m;!;;;https://be.wikipedia.org/wiki/%D0%92%D1%8F%D1%87%D0%B0%D1%81%D0%BB%D0%B0%D1%9E_%D0%86%D0%BE%D1%81%D1%96%D1%84%D0%B0%D0%B2%D1%96%D1%87_%D0%94%D0%B0%D1%88%D0%BA%D0%B5%D0%B2%D1%96%D1%87 ;;;;;;
225;Анатоль Сербантовіч;1941-1970;1941;1970;m;!;;TRUE;https://be.wikipedia.org/wiki/%D0%90%D0%BD%D0%B0%D1%82%D0%BE%D0%BB%D1%8C_%D0%A1%D1%82%D0%B0%D0%BD%D1%96%D1%81%D0%BB%D0%B0%D0%B2%D0%B0%D0%B2%D1%96%D1%87_%D0%A1%D0%B5%D1%80%D0%B1%D0%B0%D0%BD%D1%82%D0%BE%D0%B2%D1%96%D1%87 ;;https://knihi.com/Anatol_Sierbantovic/;;;;Anatol_Sierbantovic
226;Іван Ласкоў;1941-1994;1941;1994;m;;;;https://be.wikipedia.org/wiki/%D0%86%D0%B2%D0%B0%D0%BD_%D0%90%D0%BD%D1%82%D0%BE%D0%BD%D0%B0%D0%B2%D1%96%D1%87_%D0%9B%D0%B0%D1%81%D0%BA%D0%BE%D1%9E ;;;;;;
227;Мікола Маляўка;1941-;1941;;m;;;;https://be.wikipedia.org/wiki/%D0%9C%D1%96%D0%BA%D0%BE%D0%BB%D0%B0_%D0%9C%D0%B0%D0%BB%D1%8F%D1%9E%D0%BA%D0%B0 ;;;;;;
228;Вера Вярба;1942-2012;1942;2012;f;;;;https://be.wikipedia.org/wiki/%D0%92%D0%B5%D1%80%D0%B0_%D0%92%D1%8F%D1%80%D0%B1%D0%B0 ;;;;;;
229;Іван Арабейка;1942-;1942;;m;;;;https://be.wikipedia.org/wiki/%D0%86%D0%B2%D0%B0%D0%BD_%D0%90%D1%80%D0%B0%D0%B1%D0%B5%D0%B9%D0%BA%D0%B0 ;;;;;;
230;Сяргей Панізнік;1942-;1942;;m;!;;TRUE;https://be.wikipedia.org/wiki/%D0%A1%D1%8F%D1%80%D0%B3%D0%B5%D0%B9_%D0%A1%D1%86%D1%8F%D0%BF%D0%B0%D0%BD%D0%B0%D0%B2%D1%96%D1%87_%D0%9F%D0%B0%D0%BD%D1%96%D0%B7%D0%BD%D1%96%D0%BA ;;https://knihi.com/Siarhiej_Paniznik/;;;;Siarhiej_Paniznik
231;Рыгор Яўсееў;1942-2004;1942;2004;m;;;;;http://catalog.library.mogilev.by/kray/Znak_new/mogreglib/101.htm ;;;;;
232;Мікола Чарняўскі;1943-;1943;;m;;;;https://be.wikipedia.org/wiki/%D0%9C%D1%96%D0%BA%D0%B0%D0%BB%D0%B0%D0%B9_%D0%9C%D1%96%D0%BA%D0%B0%D0%BB%D0%B0%D0%B5%D0%B2%D1%96%D1%87_%D0%A7%D0%B0%D1%80%D0%BD%D1%8F%D1%9E%D1%81%D0%BA%D1%96 ;;;;;;
233;Мар'ян Дукса;1943-2019;1943;2019;m;;;;https://be.wikipedia.org/wiki/%D0%9C%D0%B0%D1%80%E2%80%99%D1%8F%D0%BD_%D0%9C%D1%96%D0%BA%D0%B0%D0%BB%D0%B0%D0%B5%D0%B2%D1%96%D1%87_%D0%94%D1%83%D0%BA%D1%81%D0%B0 ;;;;;;
234;Мікола Федзюковіч;1943-1997;1943;1997;m;;;;https://be.wikipedia.org/wiki/%D0%9C%D1%96%D0%BA%D0%B0%D0%BB%D0%B0%D0%B9_%D0%9C%D1%96%D0%BA%D0%B0%D0%BB%D0%B0%D0%B5%D0%B2%D1%96%D1%87_%D0%A4%D0%B5%D0%B4%D0%B7%D1%8E%D0%BA%D0%BE%D0%B2%D1%96%D1%87 ;;;;;;
235;Ніна Мацяш;1943-2008;1943;2008;f;!;;TRUE;https://be.wikipedia.org/wiki/%D0%9D%D1%96%D0%BD%D0%B0_%D0%86%D0%BE%D1%81%D1%96%D1%84%D0%B0%D1%9E%D0%BD%D0%B0_%D0%9C%D0%B0%D1%86%D1%8F%D1%88 ;;https://knihi.com/Nina_Macias/;http://vershy.ru/category/n%D1%96na-matsyash;;;Nina_Macias
236;Генадзь Дзмітрыеў;1943-;1943;;m;;;;https://be.wikipedia.org/wiki/%D0%93%D0%B5%D0%BD%D0%B0%D0%B4%D0%B7%D1%8C_%D0%A0%D1%8B%D0%B3%D0%BE%D1%80%D0%B0%D0%B2%D1%96%D1%87_%D0%94%D0%B7%D0%BC%D1%96%D1%82%D1%80%D1%8B%D0%B5%D1%9E ;;;;;;
237;Казімір Камейша;1943-;1943;;m;;;;https://be.wikipedia.org/wiki/%D0%9A%D0%B0%D0%B7%D1%96%D0%BC%D1%96%D1%80_%D0%92%D1%96%D0%BA%D0%B5%D0%BD%D1%86%D1%8C%D0%B5%D0%B2%D1%96%D1%87_%D0%9A%D0%B0%D0%BC%D0%B5%D0%B9%D1%88%D0%B0 ;;;;;;
238;Уладзімір Лісіцын;1944-1973;1944;1973;m;!;;TRUE;https://be.wikipedia.org/wiki/%D0%A3%D0%BB%D0%B0%D0%B4%D0%B7%D1%96%D0%BC%D1%96%D1%80_%D0%A1%D1%8F%D1%80%D0%B3%D0%B5%D0%B5%D0%B2%D1%96%D1%87_%D0%9B%D1%96%D1%81%D1%96%D1%86%D1%8B%D0%BD ;;https://knihi.com/Uladzimir_Lisicyn/;;;;Uladzimir_Lisicyn
239;Марыя Шаўчонак;1944-;1944;;f;;;;https://be.wikipedia.org/wiki/%D0%9C%D0%B0%D1%80%D1%8B%D1%8F_%D0%A1%D1%96%D0%BB%D0%B0%D0%BD%D1%86%D1%8C%D0%B5%D1%9E%D0%BD%D0%B0_%D0%A8%D0%B0%D1%9E%D1%87%D0%BE%D0%BD%D0%B0%D0%BA ;;;;;;
240;Вольга Іпатава;1945-;1945;;f;;;;https://be.wikipedia.org/wiki/%D0%92%D0%BE%D0%BB%D1%8C%D0%B3%D0%B0_%D0%9C%D1%96%D1%85%D0%B0%D0%B9%D0%BB%D0%B0%D1%9E%D0%BD%D0%B0_%D0%86%D0%BF%D0%B0%D1%82%D0%B0%D0%B2%D0%B0 ;;;;;;
241;Таіса Бондар;1945-2005;1945;2005;f;;;;https://be.wikipedia.org/wiki/%D0%A2%D0%B0%D1%96%D1%81%D0%B0_%D0%9C%D1%96%D0%BA%D0%B0%D0%BB%D0%B0%D0%B5%D1%9E%D0%BD%D0%B0_%D0%91%D0%BE%D0%BD%D0%B4%D0%B0%D1%80 ;;;;;;
242;Рыгор Семашкевіч;1945-1982;1945;1982;m;;;;https://be.wikipedia.org/wiki/%D0%A0%D1%8B%D0%B3%D0%BE%D1%80_%D0%9C%D1%96%D1%85%D0%B0%D0%B9%D0%BB%D0%B0%D0%B2%D1%96%D1%87_%D0%A1%D0%B5%D0%BC%D0%B0%D1%88%D0%BA%D0%B5%D0%B2%D1%96%D1%87 ;;;;;;
243;Уладзімір Дзюба;1946-;1946;;m;;;;https://be.wikipedia.org/wiki/%D0%A3%D0%BB%D0%B0%D0%B4%D0%B7%D1%96%D0%BC%D1%96%D1%80_%D0%86%D0%B2%D0%B0%D0%BD%D0%B0%D0%B2%D1%96%D1%87_%D0%94%D0%B7%D1%8E%D0%B1%D0%B0 ;;;;;;
244;Валянціна Коўтун;1946-2011;1946;2011;f;;;;https://be.wikipedia.org/wiki/%D0%92%D0%B0%D0%BB%D1%8F%D0%BD%D1%86%D1%96%D0%BD%D0%B0_%D0%9C%D1%96%D1%85%D0%B0%D0%B9%D0%BB%D0%B0%D1%9E%D0%BD%D0%B0_%D0%9A%D0%BE%D1%9E%D1%82%D1%83%D0%BD ;;;;;;
245;Уладзімір Някляеў;1946-;1946;;m;!!!;;TRUE;https://be.wikipedia.org/wiki/%D0%A3%D0%BB%D0%B0%D0%B4%D0%B7%D1%96%D0%BC%D1%96%D1%80_%D0%9F%D1%80%D0%B0%D0%BA%D0%BE%D0%BF%D0%B0%D0%B2%D1%96%D1%87_%D0%9D%D1%8F%D0%BA%D0%BB%D1%8F%D0%B5%D1%9E ;;https://knihi.com/Uladzimir_Niaklajeu/;http://vershy.ru/category/uladzimir-nyaklyaeu;;;Uladzimir_Niaklajeu
246;Віктар Гардзей;1946-;1946;;m;;;;https://be.wikipedia.org/wiki/%D0%92%D1%96%D0%BA%D1%82%D0%B0%D1%80_%D0%9A%D0%B0%D0%BD%D1%81%D1%82%D0%B0%D0%BD%D1%86%D1%96%D0%BD%D0%B0%D0%B2%D1%96%D1%87_%D0%93%D0%B0%D1%80%D0%B4%D0%B7%D0%B5%D0%B9 ;;;;;;
247;Алег Салтук;1946-2015;1946;2015;m;;;;https://be.wikipedia.org/wiki/%D0%90%D0%BB%D0%B5%D0%B3_%D0%A3%D0%BB%D0%B0%D0%B4%D0%B7%D1%96%D0%BC%D1%96%D1%80%D0%B0%D0%B2%D1%96%D1%87_%D0%A1%D0%B0%D0%BB%D1%82%D1%83%D0%BA ;;;;;;
248;Сяргей Законнікаў;1946-;1946;;m;!;;TRUE;https://be.wikipedia.org/wiki/%D0%A1%D1%8F%D1%80%D0%B3%D0%B5%D0%B9_%D0%86%D0%B2%D0%B0%D0%BD%D0%B0%D0%B2%D1%96%D1%87_%D0%97%D0%B0%D0%BA%D0%BE%D0%BD%D0%BD%D1%96%D0%BA%D0%B0%D1%9E ;;;http://vershy.ru/category/syargei-zakonnikau;https://belarusy.net/syargej-zakonnikau/;;
249;Святлана Басуматрава;1946-2016;1946;2016;f;;;;https://be.wikipedia.org/wiki/%D0%A1%D0%B2%D1%8F%D1%82%D0%BB%D0%B0%D0%BD%D0%B0_%D0%9C%D1%96%D1%85%D0%B0%D0%B9%D0%BB%D0%B0%D1%9E%D0%BD%D0%B0_%D0%91%D0%B0%D1%81%D1%83%D0%BC%D0%B0%D1%82%D1%80%D0%B0%D0%B2%D0%B0 ;;;;;;
250;Алесь Камароўскі;1947-;1947;;m;;;;https://be.wikipedia.org/wiki/%D0%90%D0%BB%D0%B5%D1%81%D1%8C_%D0%9A%D0%B0%D0%BC%D0%B0%D1%80%D0%BE%D1%9E%D1%81%D0%BA%D1%96 ;;;;;;
251;Раіса Баравікова ;1947-;1947;;f;!;;TRUE;https://be.wikipedia.org/wiki/%D0%A0%D0%B0%D1%96%D1%81%D0%B0_%D0%90%D0%BD%D0%B4%D1%80%D1%8D%D0%B5%D1%9E%D0%BD%D0%B0_%D0%91%D0%B0%D1%80%D0%B0%D0%B2%D1%96%D0%BA%D0%BE%D0%B2%D0%B0 ;;https://knihi.com/Raisa_Baravikova/;;;;Raisa_Baravikova
252;Юрка Голуб;1947-2020;1947;2020;m;;;;https://be.wikipedia.org/wiki/%D0%AE%D1%80%D0%BA%D0%B0_%D0%93%D0%BE%D0%BB%D1%83%D0%B1 ;;;;;;
253;Соф'я Шах;1947-;1947;;f;;;;https://be.wikipedia.org/wiki/%D0%A1%D0%BE%D1%84%E2%80%99%D1%8F_%D0%9C%D1%96%D0%BA%D0%B0%D0%BB%D0%B0%D0%B5%D1%9E%D0%BD%D0%B0_%D0%A8%D0%B0%D1%85 ;;;;;;
254;Алесь Разанаў;1947-;1947;;m;!!!;;TRUE;https://be.wikipedia.org/wiki/%D0%90%D0%BB%D0%B5%D1%81%D1%8C_%D0%A1%D1%86%D1%8F%D0%BF%D0%B0%D0%BD%D0%B0%D0%B2%D1%96%D1%87_%D0%A0%D0%B0%D0%B7%D0%B0%D0%BD%D0%B0%D1%9E ;;https://knihi.com/Ales_Razanau/;http://vershy.ru/category/ales-razana%D1%9E;;;Ales_Razanau
255;Навум Гальпяровіч;1948-;1948;;m;;;;https://be.wikipedia.org/wiki/%D0%9D%D0%B0%D0%B2%D1%83%D0%BC_%D0%AF%D0%BA%D0%B0%D1%9E%D0%BB%D0%B5%D0%B2%D1%96%D1%87_%D0%93%D0%B0%D0%BB%D1%8C%D0%BF%D1%8F%D1%80%D0%BE%D0%B2%D1%96%D1%87 ;;;;;;
256;Леанід Якубовіч;1948-1970;1948;1970;m;;;;https://be.wikipedia.org/wiki/%D0%9B%D0%B5%D0%B0%D0%BD%D1%96%D0%B4_%D0%AF%D1%9E%D0%B3%D0%B5%D0%BD%D0%B0%D0%B2%D1%96%D1%87_%D0%AF%D0%BA%D1%83%D0%B1%D0%BE%D0%B2%D1%96%D1%87 ;;;;;;
257;Генадзь Пашкоў;1948-;1948;;m;;;;https://be.wikipedia.org/wiki/%D0%93%D0%B5%D0%BD%D0%B0%D0%B4%D0%B7%D1%8C_%D0%9F%D1%8F%D1%82%D1%80%D0%BE%D0%B2%D1%96%D1%87_%D0%9F%D0%B0%D1%88%D0%BA%D0%BE%D1%9E ;;;;;;
258;Любоў Філімонава;1948-;1948;;f;;;;https://be.wikipedia.org/wiki/%D0%9B%D1%8E%D0%B1%D0%BE%D1%9E_%D0%90%D0%BB%D1%8F%D0%BA%D1%81%D0%B0%D0%BD%D0%B4%D1%80%D0%B0%D1%9E%D0%BD%D0%B0_%D0%A4%D1%96%D0%BB%D1%96%D0%BC%D0%BE%D0%BD%D0%B0%D0%B2%D0%B0 ;;;;;;
259;Віктар Ярац;1948-;1948;;m;;;;https://be.wikipedia.org/wiki/%D0%92%D1%96%D0%BA%D1%82%D0%B0%D1%80_%D0%A3%D0%BB%D0%B0%D0%B4%D0%B7%D1%96%D0%BC%D1%96%D1%80%D0%B0%D0%B2%D1%96%D1%87_%D0%AF%D1%80%D0%B0%D1%86 ;;;;;;
260;Мікола Пракаповіч;1948-;1948;;m;;;;https://be.wikipedia.org/wiki/%D0%9C%D1%96%D0%BA%D0%B0%D0%BB%D0%B0%D0%B9_%D0%9C%D1%96%D0%BA%D0%B0%D0%BB%D0%B0%D0%B5%D0%B2%D1%96%D1%87_%D0%9F%D1%80%D0%B0%D0%BA%D0%B0%D0%BF%D0%BE%D0%B2%D1%96%D1%87 ;;;;;;
261;Яўгенія Янішчыц;1948-1988;1948;1988;f;!!!;;TRUE;https://be.wikipedia.org/wiki/%D0%AF%D1%9E%D0%B3%D0%B5%D0%BD%D1%96%D1%8F_%D0%86%D0%BE%D1%81%D1%96%D1%84%D0%B0%D1%9E%D0%BD%D0%B0_%D0%AF%D0%BD%D1%96%D1%88%D1%87%D1%8B%D1%86 ;;https://knihi.com/Jauhienija_Janiscyc/;http://vershy.ru/category/ya%D1%9Egen%D1%96ya-yan%D1%96shchyts;;;Jauhienija_Janiscyc
262;Пятро Ламан;1949-;1949;;m;;;;https://be.wikipedia.org/wiki/%D0%9F%D1%91%D1%82%D1%80_%D0%90%D0%BB%D1%8F%D0%BA%D1%81%D0%B0%D0%BD%D0%B4%D1%80%D0%B0%D0%B2%D1%96%D1%87_%D0%9B%D0%B0%D0%BC%D0%B0%D0%BD ;;;;;;
263;Алена Руцкая;1950-;1950;;f;;;;;;;;;;
264;Зінаіда Дудзюк;1950-;1950;;f;;;;https://be.wikipedia.org/wiki/%D0%97%D1%96%D0%BD%D0%B0%D1%96%D0%B4%D0%B0_%D0%86%D0%BE%D1%81%D1%96%D1%84%D0%B0%D1%9E%D0%BD%D0%B0_%D0%94%D1%83%D0%B4%D0%B7%D1%8E%D0%BA ;;;;;;
265;Леанід Галубовіч;1950-;1950;;m;!;;TRUE;https://be.wikipedia.org/wiki/%D0%9B%D0%B5%D0%B0%D0%BD%D1%96%D0%B4_%D0%9C%D1%96%D1%85%D0%B0%D0%B9%D0%BB%D0%B0%D0%B2%D1%96%D1%87_%D0%93%D0%B0%D0%BB%D1%83%D0%B1%D0%BE%D0%B2%D1%96%D1%87;;https://knihi.com/Leanid_Halubovic/;http://vershy.ru/category/lean%D1%96d-galubov%D1%96ch;;;Leanid_Halubovic
266;Галіна Каржанеўская;1950-;1950;;f;;;;https://be.wikipedia.org/wiki/%D0%93%D0%B0%D0%BB%D1%96%D0%BD%D0%B0_%D0%90%D0%BD%D0%B0%D1%82%D0%BE%D0%BB%D0%B5%D1%9E%D0%BD%D0%B0_%D0%9A%D0%B0%D1%80%D0%B6%D0%B0%D0%BD%D0%B5%D1%9E%D1%81%D0%BA%D0%B0%D1%8F;;;;;;
267;Міхась Башлакоў;1951-;1951;;m;;;;https://be.wikipedia.org/wiki/%D0%9C%D1%96%D1%85%D0%B0%D1%96%D0%BB_%D0%97%D0%B0%D1%85%D0%B0%D1%80%D0%B0%D0%B2%D1%96%D1%87_%D0%91%D0%B0%D1%88%D0%BB%D0%B0%D0%BA%D0%BE%D1%9E;;;;;;
268;Алесь Каско;1951-2017;1951;2017;m;;;;https://be.wikipedia.org/wiki/%D0%90%D0%BB%D0%B5%D1%81%D1%8C_%D0%9A%D0%B0%D1%81%D0%BA%D0%BE;;;;;;
269;Людміла Паўлікава;1952-;1952;;f;;;;https://be.wikipedia.org/wiki/%D0%9B%D1%8E%D0%B4%D0%BC%D1%96%D0%BB%D0%B0_%D0%A4%D1%91%D0%B4%D0%B0%D1%80%D0%B0%D1%9E%D0%BD%D0%B0_%D0%A5%D0%B5%D0%B9%D0%B4%D0%B0%D1%80%D0%B0%D0%B2%D0%B0 ;;;;;;
270;Алесь Емяльянаў;1952-2005;1952;2005;m;;;;https://be.wikipedia.org/wiki/%D0%90%D0%BB%D0%B5%D1%81%D1%8C_%D0%95%D0%BC%D1%8F%D0%BB%D1%8C%D1%8F%D0%BD%D0%B0%D1%9E;;;;;;
271;Алег Мінкін;1952-;1952;;m;!;;TRUE;https://be.wikipedia.org/wiki/%D0%90%D0%BB%D0%B5%D0%B3_%D0%93%D0%B0%D1%9E%D1%80%D1%8B%D0%BB%D0%B0%D0%B2%D1%96%D1%87_%D0%9C%D1%96%D0%BD%D0%BA%D1%96%D0%BD;;https://knihi.com/Aleh_Minkin/;http://vershy.ru/category/aleg-minkin;;;Aleh_Minkin
272;Васіль Сахарчук;1953-2003;1953;2003;m;;;;https://be.wikipedia.org/wiki/%D0%92%D0%B0%D1%81%D1%96%D0%BB%D1%8C_%D0%AF%D0%BA%D0%B0%D1%9E%D0%BB%D0%B5%D0%B2%D1%96%D1%87_%D0%A1%D0%B0%D1%85%D0%B0%D1%80%D1%87%D1%83%D0%BA;;;;;;
273;Любоў Тарасюк;1953-2006;1953;2006;f;;;;https://be.wikipedia.org/wiki/%D0%9B%D1%8E%D0%B1%D0%BE%D1%9E_%D0%9A%D0%B0%D0%BD%D1%81%D1%82%D0%B0%D0%BD%D1%86%D1%96%D0%BD%D0%B0%D1%9E%D0%BD%D0%B0_%D0%A2%D0%B0%D1%80%D0%B0%D1%81%D1%8E%D0%BA;;;;;;
274;Іван Рубін;1954-1993;1954;1993;m;;;;;https://www.livelib.ru/author/957370-ivan-rubin;;;;;
275;Уладзімір Марук;1954-2010;1954;2010;m;;;;https://be.wikipedia.org/wiki/%D0%A3%D0%BB%D0%B0%D0%B4%D0%B7%D1%96%D0%BC%D1%96%D1%80_%D0%90%D0%BD%D1%82%D0%BE%D0%BD%D0%B0%D0%B2%D1%96%D1%87_%D0%9C%D0%B0%D1%80%D1%83%D0%BA;;;;;;
276;Мікола Мятліцкі;1954-;1954;;m;;;;https://be.wikipedia.org/wiki/%D0%9C%D1%96%D0%BA%D0%BE%D0%BB%D0%B0_%D0%9C%D1%8F%D1%82%D0%BB%D1%96%D1%86%D0%BA%D1%96;;;;;;
277;Кастусь Жук;1954-;1954;;m;;;;;http://slounik.org/81005.html;;;;;
278;Павел Марціновіч;1954-2017;1954;2017;m;!;;TRUE;https://be.wikipedia.org/wiki/%D0%9F%D0%B0%D0%B2%D0%B5%D0%BB_%D0%90%D1%80%D0%BA%D0%B0%D0%B4%D0%B7%D0%B5%D0%B2%D1%96%D1%87_%D0%9C%D0%B0%D1%80%D1%86%D1%96%D0%BD%D0%BE%D0%B2%D1%96%D1%87;;https://knihi.com/Paviel_Marcinovic/;;;;Paviel_Marcinovic
279;Валянціна Аколава;1954-2013;1954;2013;f;;;;https://be.wikipedia.org/wiki/%D0%92%D0%B0%D0%BB%D1%8F%D0%BD%D1%86%D1%96%D0%BD%D0%B0_%D0%90%D0%BA%D0%BE%D0%BB%D0%B0%D0%B2%D0%B0;;;;;;
280;Алесь Жамойцін;1955-;1955;;m;;;;https://be.wikipedia.org/wiki/%D0%90%D0%BB%D0%B5%D1%81%D1%8C_%D0%96%D0%B0%D0%BC%D0%BE%D0%B9%D1%86%D1%96%D0%BD;;;;;;
281;Ірына Багдановіч;1956-;1956;;f;!!!;;TRUE;https://be.wikipedia.org/wiki/%D0%86%D1%80%D1%8B%D0%BD%D0%B0_%D0%AD%D1%80%D0%BD%D1%81%D1%82%D0%B0%D1%9E%D0%BD%D0%B0_%D0%91%D0%B0%D0%B3%D0%B4%D0%B0%D0%BD%D0%BE%D0%B2%D1%96%D1%87;;https://knihi.com/Iryna_Bahdanovic/;http://vershy.ru/category/%D1%96ryna-bagdanovich;;;Iryna_Bahdanovic
282;Алесь Пісьмянкоў;1957-2004;1957;2004;m;;;;https://be.wikipedia.org/wiki/%D0%90%D0%BB%D0%B5%D1%81%D1%8C_%D0%9F%D1%96%D1%81%D1%8C%D0%BC%D1%8F%D0%BD%D0%BA%D0%BE%D1%9E;;;;;;
283;Леанід Дранько-Майсюк;1957-;1957;;m;;;;https://be.wikipedia.org/wiki/%D0%9B%D0%B5%D0%B0%D0%BD%D1%96%D0%B4_%D0%92%D0%B0%D1%81%D1%96%D0%BB%D1%8C%D0%B5%D0%B2%D1%96%D1%87_%D0%94%D1%80%D0%B0%D0%BD%D1%8C%D0%BA%D0%BE-%D0%9C%D0%B0%D0%B9%D1%81%D1%8E%D0%BA;;;;;;
284;Сяржук Сокалаў-Воюш;1957-;1957;;m;;;;https://be.wikipedia.org/wiki/%D0%A1%D1%8F%D1%80%D0%B6%D1%83%D0%BA_%D0%A1%D0%BE%D0%BA%D0%B0%D0%BB%D0%B0%D1%9E-%D0%92%D0%BE%D1%8E%D1%88;;;;;;
285;Адам Глобус;1958-;1958;;m;!;;TRUE;https://be.wikipedia.org/wiki/%D0%90%D0%B4%D0%B0%D0%BC_%D0%93%D0%BB%D0%BE%D0%B1%D1%83%D1%81;;;http://vershy.ru/category/adam-globus;;;
286;Леанід Пранчак;1958-;1958;;m;;;;https://be.wikipedia.org/wiki/%D0%9B%D0%B5%D0%B0%D0%BD%D1%96%D0%B4_%D0%86%D0%B2%D0%B0%D0%BD%D0%B0%D0%B2%D1%96%D1%87_%D0%9F%D1%80%D0%B0%D0%BD%D1%87%D0%B0%D0%BA;;;;;;
287;Уладзімір Мазго;1959-;1959;;m;;;;https://be.wikipedia.org/wiki/%D0%A3%D0%BB%D0%B0%D0%B4%D0%B7%D1%96%D0%BC%D1%96%D1%80_%D0%9C%D1%96%D0%BD%D0%B0%D0%B2%D1%96%D1%87_%D0%9C%D0%B0%D0%B7%D0%B3%D0%BE ;;;;;;
288;Анатоль Сыс;1959-2005;1959;2005;m;!;;TRUE;https://be.wikipedia.org/wiki/%D0%90%D0%BD%D0%B0%D1%82%D0%BE%D0%BB%D1%8C_%D0%A6%D1%96%D1%85%D0%B0%D0%BD%D0%B0%D0%B2%D1%96%D1%87_%D0%A1%D1%8B%D1%81;;https://knihi.com/Anatol_Sys/;http://vershy.ru/category/anatol-sys;;;Anatol_Sys
289;Ала Канапелька;1960-2015;1960;2015;f;;;;https://be.wikipedia.org/wiki/%D0%90%D0%BB%D0%B0_%D0%86%D0%B2%D0%B0%D0%BD%D0%B0%D1%9E%D0%BD%D0%B0_%D0%9A%D0%B0%D0%BD%D0%B0%D0%BF%D0%B5%D0%BB%D1%8C%D0%BA%D0%B0 ;;;;;;
290;Віктар Шніп;1960-;1960;;m;;;;https://be.wikipedia.org/wiki/%D0%92%D1%96%D0%BA%D1%82%D0%B0%D1%80_%D0%90%D0%BD%D0%B0%D1%82%D0%BE%D0%BB%D0%B5%D0%B2%D1%96%D1%87_%D0%A8%D0%BD%D1%96%D0%BF;;;;;;
291;Алесь Аркуш;1960-;1960;;m;;;;https://be.wikipedia.org/wiki/%D0%90%D0%BB%D0%B5%D1%81%D1%8C_%D0%90%D1%80%D0%BA%D1%83%D1%88;;;;;;
292;Галіна Булыка;1960-;1960;;m;;;;https://ru.wikipedia.org/wiki/%D0%91%D1%83%D0%BB%D1%8B%D0%BA%D0%B0,_%D0%93%D0%B0%D0%BB%D0%B8%D0%BD%D0%B0_%D0%90%D0%BB%D0%B5%D0%BA%D1%81%D0%B0%D0%BD%D0%B4%D1%80%D0%BE%D0%B2%D0%BD%D0%B0;;;;;;
293;Алесь Бадак;1966-;1966;;m;;;;https://be.wikipedia.org/wiki/%D0%90%D0%BB%D0%B5%D1%81%D1%8C_%D0%91%D0%B0%D0%B4%D0%B0%D0%BA;;;;;;
;;;;;;;;;;;;;;;
;;;;;;;;;;;;;;;